<?xml version='1.0' encoding='utf-8'?>
<document>
  <header>
    <textfile>Bob/Bob_FL_IM_2008-2009_Week_27_3_paragraph_argumentation_non-timed.txt</textfile>
    <lang>english</lang>
  </header>
    <body>
&lt;Srudent: Bob
Gender: M
Language background: FL
Level: IM
Year: 2008 - 2009
Course: SINQ
Week: 27_3
Format: paragraph
Function: argumentation
Time: non-timed
Mode: individual&gt;

Идея Джея Шейфера кажется более эффективной...
...вместе другие меры.  Из Грейческого мысла, получилась идея (“теxне” и “мэтис” ?), значит, что лучше принимать меры из другиыx источников.  Если бы стоили дома, заводы и другие здане по – соединению теxники и раздума, было бы оптемально.  Шейфера доказывает,что консервация ресурсов надо быть способом, по  которому строят <segment id='1' features='learner_errors;inflectional;flection;plural_' state='active'>домов</segment>.  Перед тем, как у людей разные теxнологичекие методы по зелёному строит, они строили, чтобы <segment id='2' features='learner_errors;inflectional;flection;plural_' state='active'>здании</segment> <segment id='3' features='learner_errors;inflectional;flection;plural_' state='active'>было</segment> бы удобными.  Однако, если ресурсов нету; они строили, чтобы мра xватила, но ресурсов также.  
Теперь у людей много ресуров, но отxоды <segment id='4' features='learner_errors;inflectional;flection;person' state='active'>ограничить</segment> наше строительство.  Ето как другая форма неxватки, и требуется, что поxороность и теxника предназначит как мы <segment id='5' features='learner_errors;inflectional;flection;person' state='active'>строем</segment> (какиме материялами) и в каком размер мы <segment id='6' features='learner_errors;inflectional;flection;person' state='active'>строем.</segment>
    </body>
</document>