<?xml version='1.0' encoding='utf-8'?>
<document>
  <header>
    <textfile>Bob/Bob_FL_IM_2008-2009_Week_27_1_paragraph_expository_timed.txt</textfile>
    <lang>english</lang>
  </header>
    <body>
&lt;Student: Bob
Gender: M
Language background: FL
Level: IM
Year: 2008 - 2009
Course: Russian
Week: 27_1
Text type: paragraph
Function: expository
Time: timed ( 10 min)
Mode: individual&gt; 

&lt;Что мне дало участие в программе Флагшип?&gt;
Учостие в программе мне дало способность говорить, читать и писать подробно о разнообразных темах жизни, политики и так далее. Я более самоувереный в <segment id='1' features='learner_errors;inflectional;flection;gender_' state='active'>своём</segment> способности говорить <segment id='2' features='learner_errors;inflectional;derivational;affix;omission' state='active'>по-русский</segment>. Я стал больше говорить и обуждать по-русски с русскими, скоторыми Я познакомился. Я лучше обьясняю своё мнение и <segment id='3' features='learner_errors;derivational;compounding_error' state='active'>набольше</segment> понимаю других людей. Для меня русский как <segment id='4' features='learner_errors;inflectional;flection;case_' state='active'>воспитания</segment>, флагшип как образование. 
    </body>
</document>