<?xml version='1.0' encoding='utf-8'?>
<document>
  <header>
    <textfile>Bob/Bob_FL_IM_2008-2009_Week_24_2_paragraph+_expository_non-timed.txt</textfile>
    <lang>russian</lang>
  </header>
    <body>
&lt;Student: Bob
Gender: M
Language background: FL
Level: IM
Year: 2008 - 2009
Course: SINQ
Week: 24_2
Format: paragraph+
Function: expository
Time: non-timed
Mode: individual&gt;

&lt;дневник&gt;
На этой неделе я читал статью о экологии озера Тахо, отрывки из книг о Магадане и городах в СССР и рассказ Чехова называется «Красавица.»  Я заметил, что я лучше понимаю литературу, а чем научное писание – я уже знал это, но мне кажется особенно трудно читать советские документы. Читая рассказ Чехова, я себя чувствовал печален – конечно.  В этом рассказе нет сюжета – только описание черты людей и Кавказ.  Я продолжаю думать о экологии и о работе для курса флегшип.  Я буду читать и переводить много в <segment id='1' features='learner_errors;inflectional;flection;gender_' state='active' correction='этом'>этой</segment> семестре – может быть <segment id='2' features='learner_errors;inflectional;flection;case_' state='active'>текущий</segment> <segment id='3' features='learner_errors;inflectional;flection;case_' state='active'>дневник</segment> будет дневник моих <segment id='4' features='learner_errors;inflectional;flection;case_' state='active'>перевод.</segment>
    </body>
</document>