<?xml version='1.0' encoding='utf-8'?>
<document>
  <header>
    <textfile>Bob/Bob_FL_IM_2008-2009_Week_26_2_paragraph+_research paper_non-timed.txt</textfile>
    <lang>english</lang>
  </header>
    <body>
&lt;Student: Bob
Gender: M
Language background: FL
Level: IM
Year: 2008 - 2009
Course: SINQ
Week: 26_2
Format: paragraph+
Function: research paper
Time: non-timed
Mode: individual&gt;

Черновик первая часть

Для русских, слова Колыма, Чукотка и Магадан вызывают мысли о красоте, свободе и приключениях.  Однако, из-за истории репрессий, беды и жестокости сталинской эпохи, слыша эти слова, многие русские вспоминают страдание, неудобство и трагедию.  Многие также соединяют имя «Сибирь» с безкультурностью, отсталостью и скукой.  Например, в известном советском фильме «Бриллиантовая рука» представляют Сибирь таким образом: «Будете у нас на Колыме — милости просим... — Нет, уж лучше вы к нам...».  Этот доклад обсуждает как люди, писавшие о Магадане в период «гласности и перестройки», описали особенную трагическую историю Магадана.  
Перед тем, как российское общество получило возможность честно обсуждать проблемы истории, диссиденты, заключённые и эмигранты из СССР писали о истории ГУЛАГа в самиздате в СССР и на Западе в открытой прессе. Однако, чтобы узнать как считали советские люди, которые местные в Магадане, надо исследовать другие тексты,  иммено, те, которые занимаются темами, кроме истории.  Авторы, которые писали путеводитель-справочник, введение фотоальбома и книгу о магаданской области при гласности писали с другой целью, именно, чтобы похвалить город, убедить туристов туда ехать и т.д.  Но, эти советские писатели, которые не были диссидентами и хотели похвалить разные черти город и людей, признали проблемы и трагедию в истории Магадана.  Однако, как в более ранних советских изданиях, они коротко говорили об этом. Стоит, конечно, помнить, что эти книги не научно-исторические тексты, и их обсуждение исторических и социологических проблем тем удивительнее.  
Трудно представить, почему и как путеводитель-справочник обсуждал бы такие сложные проблемы.  Вообще, авторы каких книг не подробно описывают историю и последствия истории на сегодняшний день.  Но, работа этих авторов, как часть гласности, помогала проложить путь к обсуждению проблем репрессий и страшней истории сталинисма.  Я предполагаю, что массовое общественное воспоминание ГУЛАГа и сталинизма сделало признание неудобных фактов необходимым шагом в переоценке истории.  Этот доклад не может однозначно доказать этого, но он доказывает, что даже фотоальбомы Города Магадана говорили немного об истории — этот факт особенный, и эти тексты особенные по сравнению с западными эквивалентами.       
Город Магадан — отдалённый; он находится на бухте Нагаево, на Дальнем Востоке России.  Летом 1939ого года, «указом Президиума Верховного Совета РСФСР...поселок Магадан [был] преобразован в город».   Однако, важность Магадана для экономики, развития и культуры бывшего Советского Союза и <segment id='1' features='learner_errors;inflectional;flection;gender_' state='active'>современней</segment> России не состоят в том, что Магадан был основан и вырос.  Важность Магадана в истории России состоит в том, что Магадан был главной базой добычи золота и других металлов и ресурсов в его части Сибири.  В связи с тем, что эра Сталина <segment id='2' features='learner_errors;inflectional;flection;person' state='active'>произошло</segment> вместе со <segment id='3' features='learner_errors;inflectional;flection;case_' state='active'>становлении</segment> Магадана, Магадан также стал частью <segment id='4' features='learner_errors;inflectional;flection;case_' state='active'>механизмы</segment> террора и тирании сталинской власти. В результате его местонахождения и экономической важности для СССР и в связи с тем, что принудительный труд стал главным методом добычи ресурсов при сталинской власти, многие стали называть Магадан столицей ГУЛАГа на Дальнем Востоке Сибири.  
При Сталине,  характер Магадана был следствием чертов  ГУЛАГа.  По мере того, как Дальстрой (организация, которая управляла строительством на Дальнем Востоке Сибири) обеспечивал Магадану работу, технику и другие средства строительства, жижнь Магадана и жизнь в Магадане зависли от Дальстроя.  И по мере того, как Сталин руководил <segment id='5' features='learner_errors;inflectional;flection;case_' state='active'>Дальстрой</segment>, он контролировал Магадан.  Дальстрой не только управлял принудительным трудом, а трудом добровольцев и тех, кого власти насильно переселяли.  Дальстрой был огромным и много влиял на характер и историю Магадана. Источники говорят об этом, но не подробно.  С одной стороны источники признали, что в истории Магадана есть проблемы, но с другой они не объяснили проблемы и также не сделали признание от нравственности, а лишь от необходимости.
Хотя, авторы, чьи книги издавали Магаданское Книжное Издательство, не подробно объяснили историю Магадана, они лишь упомянули что-то про действие бывшего режима при Сталине. Однако, Александр Бирюков описал его <segment id='6' features='learner_errors;inflectional;flection;plural_' state='active'>личине</segment> эмоции о городе в введении фотоальбома «Магадана.» Он рассказал о своём опыте с заключёнными.  У Бирюкова, в детстве,   был нянька, которого звали Арсентием. Арсентий был заключённым, который жил у Мамы Бирюкова перед войны. Бирюков объяснил, что «вольнонаемным работникам Дальсторя разрешалось за собственную плату брать из лагеря для хозяйственных работ заключенных». Бирюков не только жил с заключённым — он же жертва Гулага, потому что его отцу дали десять лет за колючей проволокой. Потом, семья Бирюкова уехала — мама решила, что было бы напрасно ждать мужа. Бирюков — и жертва и добровольный приезжий; вернувшись через двадцать лет в Магадан, он хотел знать, так «как он жил, мой город. Эти двадцать лет без меня?» Очевидно, что Бирюков любит Магадан, хотя у него трагическая история, которая была связана с этом городом. Он был советским гражданином и автором, которого принимали писать введение фотоальбома города. Он не был диссидентом или Сталинистом, а нормальным советским человеком. Но, когда он писал, ещё работал цензор, и мы не можем знать если он хотел длине писать об этом или какие следствия подробнее описание и объяснение было бы возникали. Таким образом, и по сравнению с  другими авторами, он лично писал о ГУЛАГе и о трагедии этой темы. 
Например, по сравнению с Бирюковым, Автор «Берег двух океанов: магаданская область», В Комаров, очень коротко, не ясно и с оттенком отрицания писал о этой неудобной истории: «О нем (Магадан) вам скажут разные слова. В одних будет гордость и любовь, в других — укор. А неприязни не услышите. У городов ведь нет вины перед людьми. Они растут, чтоб быть в любой людской судьбе удачей». Но в воспоминании Бирюкова, он и страдал от  несправедливого обсуждения его Отца и няньку, а продолжал выражать ностальгию к его городу.  Дело состоятся в том, что никто объединяет город, а людей. И дело — слишком сложное принимать общие увольнения — «неприязни» (слово связано с неприятелем — синоним врага). В виду того, что Комаров упомнил «укор», но ничего не объяснил, вряд ли, что граждане Магадана и Советского Союза не знали о чём он говорил—ему было обязательно что-то говорить, но он выбрал мало и неясно описывать. Кажется, Комаров чувствовал необходимость говорить что-то о теме ГУЛАГа, и также видно, что он говорил эти слова из-за большей памяти времени Сталина в стране и в Магадане. Бирюков писал лично, а не подробно, но его ситуацию мы не знаем, только, что он обнаружил его роль и скорбь в истории города. Однако, Комаров решил мало писать о «укоре» и много о «гордости.» Это различие в информации показывает, что у авторов этих книг были выбор описать историю до известной степени.
Авторы введение «Магадан путеводитель-справочник» также считают признание этой спорной истории необходимым. Они писали о «известной песне» Владимира Высоцкого «Мой друг уехал в Магадан.» и то, что «об этом тяжелом времени напоминают сегодня публикации в периодической печати». Цитация в массовой литературе и популярной музыке доказывает, что каждый знал, до некоторой степени, что-то о Магадане. Авторы признают, что «да, в 30-40-е годы на Колыму вместе с добровольцами , прибывавшими по комсомольском путевкам, на тех же пароходах везли и людей под конвоем» Но говоря о тех, кто командировал эти пароходы, они не включали, как капитаны и моряки относились к заключенным. Например, в описании А.Н. Шевченко, капитан пароходов и почётный граждан Магадана, нет упоминания, что «на тех же пароходах везли и людей под конвоем,» а говорили, что он командировал «Джурму,» «Советскую Латвию» и «Феликс Дзержинский». Они описали жизни Шевченко и писал, что назвали пароход в память его. Говоря, что «названии корабля увековечена память о незаурядном человеке, великом труженике, и энтузиасте северного пароходства,» авторы не исследовали его вину в команде пароходов Гулага. Естественно, что в путеводители не обязательно подробно говорить о истории, и этот момент не показывает, что авторы безответственно работали. Однако, их молчание показывает, что память, история и отношения к этим темам сложные, спорные вещи, на котором надо осторожно смотреть.
Эти книги были написаны в 1989-90-ах годах, и показывают как авторы с другими мнениями ГУЛАГа и прошлого описали Магадан. Время до распада было сложное и будущее не знали, но мы можем стараться понимать мысли этих авторов, и так лучше понимать как люди относятся к серьёзным историческим проблемам. Вместе с произведениями Евгении Гинзбург, Варлама Шаломова и других жертв ГУЛАГа, эти книги представляют исторический и недавний Магадан и помогают нам, когда занимаются проблемами истории и настоящего времени. 

&lt;bibliography&gt;


    </body>
</document>