<?xml version='1.0' encoding='utf-8'?>
<document>
  <header>
    <textfile>Bob/Bob_FL_IM_2008-2009_Week_27_2_paragraph+_expository_non-timed.txt</textfile>
    <lang>english</lang>
  </header>
    <body>
&lt;Student: Bob
Gender: M
Language background: FL
Level: IM
Year: 2008-2009
Course: Environmental Sustainability
Week: 27_2
Format: paragraph+
Function: expository
Time: non-timed
Mode: individual&gt;

Озеро Байкал
Озеро Байкал самое большое хранилище пресной воды в мире и дом многих видов животных, из них выключают <segment id='1' features='learner_errors;inflectional;flection;case_' state='active'>эндемические</segment> <segment id='2' features='learner_errors;inflectional;flection;case_' state='active'>животные</segment>, которые не могут «жить нигде, кроме Байкала.»  Прочитав о ситуации озера Байкала, человек знает, что обитателям Байкала грозит промышленность  смертью.  Экологи пытаюсь сохранить Байкал, а промышленность продолжает растить.  <segment id='3' features='learner_errors;inflectional;derivational;affix;spelling' state='active'>На пример</segment>, промышленники хотели строить нефтепровод на прибрежной части Байкала – в случае рарыва нефтепровода от землетрасения или от другой аварии, всё озеро было бы <segment id='4' features='learner_errors;inflectional;suffix;mood' state='active'>загрязнило</segment>.  Хотя, всемирные протесты помогали (несомненно с помощью политических деятелей и бизнесменов) <segment id='5' features='learner_errors;inflectional;suffix;infinitive' state='active'>убедит</segment> Путина изменить место стройки нефтепровода.  Байкалу и <segment id='6' features='learner_errors;inflectional;flection;gender_' state='active'>её</segment> животным <segment id='7' features='learner_errors;inflectional;flection;plural_' state='active'>грозит</segment> заводы, которые используют стоки, чтобы выделять отходы.  Токсичные отходы, которые ЦБК и другие корпорации выбрасывают, уже вредили <segment id='8' features='learner_errors;inflectional;flection;case_' state='active'>рачков</segment> и <segment id='9' features='learner_errors;inflectional;flection;case_' state='active'>животных</segment>, которые живут на дне озера.  Количество эпишурей уже уменьшилось, в результате полезный эффект дыхания эпришурей – естественная фильтрация – не происходит и вода станет грязнее.  
<segment id='10' features='learner_errors;inflectional;flection;case_' state='active'>Проблема</segment> загрязнения Байкала трудно решить, потому что средства к существованию населения городов вокруг озера Байкала <segment id='11' features='learner_errors;inflectional;suffix;infinitive' state='active'>завишут</segment> от индустрии и инфраструктуры, которые находятся на берегу Байкала.  Однако, если ничего не изменится, население этих городов будет страдать от других последствий – именно, невозможность использовать ресурсы и наслаждаться красотой озера Байкала.  Вообще говоря, <segment id='13' features='learner_errors;inflectional;flection;case_' state='active'>решению</segment> надо беречь экономическое <segment id='12' features='learner_errors;inflectional;flection;case_' state='active'>развития</segment>, когда <segment id='14' features='learner_errors;inflectional;suffix;infinitive' state='active'>сохраняет</segment> Байкал.  Таким образом, политикам надо принимать меры, чтобы очистить озера и перестать выброс, сохраняя экономическую ситуацию.  Обыватели около Байкала могут протестовать, но им надо пожертвовать или <segment id='15' features='learner_errors;inflectional;flection;case_' state='active'>озеро</segment> или <segment id='16' features='learner_errors;inflectional;flection;case_' state='active'>индустрию</segment>, если не наидут договор – и многие обыватели, жители городов в районе и промышленники совсем не экологов.  Прежде всего <segment id='18' features='learner_errors;inflectional;flection;case_' state='active'>правительстве</segment> вместе экологов и обывателей, которые хотят сохранить Байкал, надо предупреждать  население о последствиях загрязнения.  Байкал – <segment id='17' features='learner_errors;inflectional;flection;case_' state='active'>одном</segment> <segment id='19' features='learner_errors;inflectional;flection;case_' state='active'>словам</segment> – чудо, и если бы корпорации перестали выбрасывать отходы в него, Байкал мог бы сам <segment id='20' features='learner_errors;inflectional;suffix;tense' state='active'>корректировал</segment>.  По способам <segment id='21' features='learner_errors;inflectional;flection;plural_' state='active'>технологии</segment>, закона и уважение естественныч сред Байкала, проблему могут решить.
    </body>
</document>