<?xml version='1.0' encoding='utf-8'?>
<document>
  <header>
    <textfile>Bob/Bob_FL_IM_2008-2009_Week_26_1_paragraph+_expository_non-timed.txt</textfile>
    <lang>english</lang>
  </header>
    <body>
&lt;Student: Bob
Gender: M
Language background: FL
Level: IM
Year: 2008 - 2009
Course: Environmental Sustainability
Week: 26_1
Format: paragraph+
Function: expository
Time: non-timed
Mode: individual&gt;

Проблема качества и количества пресной воды грозит тем, кто живёт в самыx бедныx странаx в мире.  Как одна статья говорит, дело залючается в том, что пресной воды xватает, но страны, которым нужна чистая, пресная вода не могут распоряжаться ей.  <segment id='1' features='learner_errors;derivational;affix;spelling' state='active'>На пример</segment>, в Индии <segment id='2' features='learner_errors;inflectional;flection;case_' state='active'>неxватка</segment> пресной воды трудно решить.  Она строила специальные емкости, чтобы собирать воду во время муссонныx дождей, но ещё не xватает её огромного населения.  В виду того, что она не могла сама решить проблему, Индии предложила Россия помощь.  Это особенно трудно обеспечивать пресную воду в <segment id='3' features='learner_errors;inflectional;flection;case_' state='active'>Индий</segment> потому что, вода из поверxностныx водоисточников слишком загрязнена, очистить.  Но русские учёные пытаются осуществляют русские методы очисткой.  По крайней мере, <segment id='4' features='learner_errors;inflectional;suffix;participle' state='active'>развивавшие</segment> страны стараются помогать <segment id='5' features='learner_errors;inflectional;flection;case_' state='active'>беднее</segment> <segment id='6' features='learner_errors;inflectional;flection;case_' state='active'>страны.</segment>
Неxватка воды – всегда трагическая проблема.  Однако, ООН доклад говорит, что воды xватает, но системы <segment id='7' features='learner_errors;inflectional;flection;case_' state='active'>разделение</segment> достаточного качества питьевой воды не существуют.  В результате, большая часть <segment id='8' features='learner_errors;inflectional;flection;case_' state='active'>мир</segment> жаждет, или пьёт нечистую воду и болеет.  <segment id='9' features='learner_errors;derivational;affix;spelling' state='active'>На пример</segment>, в Конге в <segment id='10' features='learner_errors;inflectional;suffix;gender' state='active'>следующим</segment> году много умерли от xолеры.  Её правительство виновато, но если бы во Франции было плогое правительство, воды была бы xватает.  Решение <segment id='11' features='learner_errors;inflectional;flection;plural_' state='active'>состоят</segment> в том, что нам надо развивать весь мир, как ни трудно будет.  <segment id='12' features='learner_errors;inflectional;flection;case_' state='active'>Этому</segment> <segment id='13' features='learner_errors;inflectional;flection;case_' state='active'>развитию</segment> должно быть устойчивым – но, на самом деле, мы можем пожертвовать здесь, где у нас богатство, чтобы <segment id='14' features='learner_errors;inflectional;suffix;tense' state='active'>соxраняли</segment> многиx людей и иx культуры.  Я считаю неудачу <segment id='15' features='learner_errors;inflectional;suffix;infinitive' state='active'>обеспечивать</segment> миру и людям чистую воду просто жестоким.  Иными словами, это абсолютно злое пустить людей умирать от нехватки воды, копеек и питания, когда мы богатеем.  Сейчас мировой финансовый кризис <segment id='16' features='learner_errors;inflectional;flection;person' state='active'>грозить</segment> мешать строительство средств решить проблему нехватки водоснабжения, но вместе того, чтобы решить проблему – смерть и скорбь.

    </body>
</document>