<?xml version='1.0' encoding='utf-8'?>
<document>
  <header>
    <textfile>Lana/Lana_HL_IM_2008-2009_Week_5_1_paragraph_summary_non-timed.txt</textfile>
    <lang>russian</lang>
  </header>
    <body>
&lt;Student: Lana
Gender: F
Language background: HL
Level: IM
Year: 2008-2009
Course: SINQ
Week: 5_1
Text type: paragraph
Function: summary
Time: non-timed
Mode: individual&gt;

&lt;Author&gt; 
&lt;Title&gt; Ключи Царства
&lt;Pages or chapter&gt; Глава 3, Глава 4
&lt;Brief summary and your impressions&gt; 
Нора заканчивает жизнь <segment id='1' features='learner_errors;derivational;compounding_error' state='active'>само убийством</segment>. Кристхолм полностью посвещает жизнь Богу.
Миссия в <segment id='2' features='learner_errors;inflectional;flection;case_' state='active'>Японие</segment> нуждается в новом служителе. Кристхолм уезжает в Японию и начинает служение.
    </body>
</document>