<?xml version='1.0' encoding='utf-8'?>
<document>
  <header>
    <textfile>Lana/Lana_HL_IM_2008-2009_Week_10_3_paragraph_expository_timed.txt</textfile>
    <lang>russian</lang>
  </header>
    <body>
&lt;Student: Lana
Gender: F
Language background: HL
Level: IM
Year: 2008–2009
Course: SINQ
Week: 10_1
Text type: paragraph
Function: expository
Time: timed (7 min)
Mode: individual&gt;

Когда я <segment id='1' features='learner_errors;inflectional;suffix;infinitive' state='active'>поехола</segment> в Париж и первый раз пошла на Эфельную Башню то что я не ожидала это количество циганей которые проводили своё время там. Они были <segment id='2' features='learner_errors;derivational;affix;spelling' state='active'>без домные</segment> и у них было много средств как обокрасть людей. Один из них было письмо каторое держала маленькая девочка оно было на англиском языке и там написано что ей нужны деньги попасть домой. Пока турист пытается прочитать это письмо група дитей окружает их и крадёт ихнену сумку или куртку. Это происходит очень быстро даже не заметеш как быстро дети могут тебя обокрасть.
    </body>
</document>