<?xml version='1.0' encoding='utf-8'?>
<document>
  <header>
    <textfile>Lana/Lana_HL_IM_2008-2009_Week_4_3_paragraph_summary_non-timed.txt</textfile>
    <lang>russian</lang>
  </header>
    <body>
&lt;Student: Lana
Gender: F
Language background: HL
Level: IM
Year: 2008-2009
Course: SINQ
Week: 4_3
Text type: paragraph
Function: summary
Time: non-timed
Mode: individual&gt;

&lt;Author&gt; А.Ж. Кронин
&lt;Title&gt; Ключи Царства
&lt;Pages or chapter&gt; Глава 1, Глава 2
&lt;Brief summary and your impressions&gt; 
Начало книги наченается с детства <segment id='1' features='learner_errors;inflectional;flection;case_' state='active'>Франсес</segment> Крысхолла. У него очень грусное детство, <segment id='2' features='learner_errors;inflectional;flection;plural_' state='active'>обе</segment> из его родителей умерают и он сам остаётся на произвол судьбы. Текст в этой книге не слишком лёгкий но иногда приходится смотреть в словарь
Описывается юношества Франциса, его тётю Поли, как она забирает Франциса к себе от его злой тёти. Францис влюбляется в Дору. Тётя Поли хочет чтобы Францис посветил себя на служение в к<segment id='3' features='learner_errors;inflectional;flection;gender_' state='active'>отолической</segment> монастыре.
    </body>
</document>