<?xml version='1.0' encoding='utf-8'?>
<document>
  <header>
    <textfile>Lana/Lana_HL_IM_2008-2009_Week_7_1_paragraph_expository_timed.txt</textfile>
    <lang>russian</lang>
  </header>
    <body>
&lt;Student: Lana
Gender: F
Language background: HL
Level: IM
Year: 2008–2009
Course: SINQ
Week: 7_1
Text type: paragraph
Function: expository
Time: timed (7 min)
Mode: individual&gt;

20 век это самый кровавый век во всей истории мира. Развитие текналогии и обучение людей привело мирское насиление к <segment id='1' features='learner_errors;inflectional;flection;case_' state='active'>жажды</segment> власти. В <segment id='2' features='learner_errors;inflectional;flection;plural_' state='active'>прошлые</segment> <segment id='3' features='learner_errors;inflectional;flection;plural_' state='active'>веки</segment> людей убивали и тоже были войны, но в 20 веки это в первый раз когда человек смог убить людей в таком количестве с разрывом одного атома. Мировые войны тоже умертвляли многих, и в тоже время призывали весь мир к сражению. Если бы мне выбрать жить в любом <segment id='4' features='learner_errors;inflectional;flection;case_' state='active'>веки</segment> я бы жила в этом <segment id='5' features='learner_errors;inflectional;flection;case_' state='active'>векии</segment> потомучто у женщин больше возможностей чем у женщин прошлого.
    </body>
</document>