<?xml version='1.0' encoding='utf-8'?>
<document>
  <header>
    <textfile>Lana/Lana_HL_IM_2008-2009_Week_5_2_paragraph_supported opinion_timed.txt</textfile>
    <lang>russian</lang>
  </header>
    <body>
&lt;Student: Lana
Gender: F
Language background: HL
Level: IM
Year: 2008–2009
Course: American Stduies
Week: 5_2
Text type: paragraph
Function: supported opinion
Time: timed (7 min)
Mode: individual&gt;

Америка и Европа <segment id='1' features='learner_errors;inflectional;flection;gender_' state='active'>обо</segment> мировые лидеры которые имеют <segment id='2' features='learner_errors;inflectional;flection;gender_' state='active'>международные</segment> влияние. Некоторые люди предпочитают жить в Европе потомучто там очень развиты конкретные культуры, в Америке тоже много культур, но эти культуры смешаны и люди в Америке окружоны почутьчуть от каждой культуры, не получая полностью не от какой либо культуры. В моём личном мнение я припочитала жить в Европе потомучто я была бы знакома с культурами окружащих стран, а в Америке почти-что нет окружающих стран о каторых бы можно было бы учить.
    </body>
</document>