<?xml version='1.0' encoding='utf-8'?>
<document>
  <header>
    <textfile>Lana/Lana_HL_IM_2008-2009_Week_8_2_paragraph_summary_timed.txt</textfile>
    <lang>russian</lang>
  </header>
    <body>
&lt;Student: Lana
Gender: F
Language background: HL
Level: IM
Year: 2008–2009
Course: SINQ
Week: 8_1
Text type: paragraph
Function: summary
Time: timed (7 min)
Mode: individual&gt;

В истории &quot;Встреча с Удевительным Священиком&quot; в начале истории мальчик убегает из Калегиума. Он просто уходит без какой либо причины и находит себя &quot;незнющим как проводить свободное время.&quot; Здесь кажется что <segment id='2' features='learner_errors;derivational;affix;spelling' state='active'>в первые</segment> этот молодой человек почувствовал свободу. Этот молодой человек так как и все люди искал свободу, и не находя её в Калегиуме решил убежать. Даже если он подсознательно определя своё <segment id='1' features='learner_errors;derivational;affix;spelling' state='active'>не свободное</segment> положение, он в сознание стремился как нибудь получить свободу. Он нехотел больше остоваться в тёмном, сером и холодном Калегиуме.
    </body>
</document>