<?xml version='1.0' encoding='utf-8'?>
<document>
  <header>
    <textfile>Lana/Lana_HL_IM_2008-2009_Week_10_2_paragraph_summary_timed.txt</textfile>
    <lang>russian</lang>
  </header>
    <body>
&lt;Student: Lana
Gender: F
Language background: HL
Level: IM
Year: 2008–2009
Course: SINQ
Week: 10_2
Text type: paragraph
Function: summary
Time: timed (7 min)
Mode: individual&gt;

В первом <segment id='1' features='learner_errors;inflectional;flection;case_' state='active'>сценарий</segment> главная героиня на карабле сидит за писательным сталом и пишит письмо. Она чувствует себя не сильно хорошо и она вспоминает все происшедшие сюжэты. Она описывает людей и так же их характеры. Героиня молодая, красивая, модная и баловоная. Вот почему ей всё скучно. Посреди истории она описывает маскорад и происшедшие события и гостей. В конце она описывает как в конце всех отношения людей смешиваются.
    </body>
</document>