<?xml version='1.0' encoding='utf-8'?>
<document>
  <header>
    <textfile>Lana/Lana_HL_IM_2008-2009_Week_6_3_paragraph_summary_non-timed.txt</textfile>
    <lang>russian</lang>
  </header>
    <body>
&lt;Student: Lana
Gender: F
Language background: HL
Level: IM
Year: 2008-2009
Course: SINQ
Week: 6_1
Text type: paragraph
Function: summary
Time: non-timed
Mode: individual&gt;

&lt;Author&gt; 
&lt;Title&gt; Ключи Царства
&lt;Pages or chapter&gt; Глава 5, Глава 6, Глава 7
&lt;Brief summary and your impressions&gt; 
Фрэнсис продолжает службу в Китае, нападают на город разбойники, начинается война.
Фрэнсис назначает мисию больницей. Фрэнсис начинает понимать смысл своего <segment id='1' features='learner_errors;derivational;affix;spelling' state='active'>приназночения</segment>.
    </body>
</document>