<?xml version='1.0' encoding='utf-8'?>
<document>
  <header>
    <textfile>Lana/Lana_HL_IM_2008-2009_Week_4_2_paragraph_summary_non-timed.txt</textfile>
    <lang>russian</lang>
  </header>
    <body>
&lt;Student: Lana
Gender: F
Language background: HL
Level: IM
Year: 2008-2009
Course: European Studies
Week: 4_2
Text type: paragraph
Function: summary
Time: non-timed
Mode: individual&gt;

В рамане &quot;Процес&quot; автор Франц Кафка, знакомит читателей с главным героем <segment id='1' features='learner_errors;inflectional;flection;case_' state='active'>Иозеф</segment> К. Одним утром Иозеф К просыпается и незнакомые ему люди которые говорят что они Иозефа стража и что он арестован. Когда Иозеф К. спрашивает свою вину, мужщины ему говорят &quot;мы не уполномочены довать обьяснения&quot;. В первой главе мы не можем определить причину его ареста, так как и главный герой тоже не может объяснить происходящее. Я думаю что в следующих главах автор откроет четателям вену Иозефа К. и эта история станет более <segment id='2' features='learner_errors;inflectional;suffix;degree' state='active'>ясней</segment>.
    </body>
</document>