<?xml version='1.0' encoding='utf-8'?>
<document>
  <header>
    <textfile>Lana/Lana_HL_IM_2008-2009_Week_8_1_paragraph_expository_non-timed.txt</textfile>
    <lang>russian</lang>
  </header>
    <body>
&lt;Student: Lana
Gender: F
Language background: HL
Level: IM
Year: 2008-2009
Course: FRINQ
Week: 8_1
Text type: paragraph
Function: expository
Time: non-timed
Mode: individual&gt;

Встреча С Удивительным Человеком

Когда моя семья перешла в нашу старую церковь было много новых людей и <segment id='1' features='learner_errors;derivational;affix;spelling' state='active'>не знакомых</segment> лиц в собрание. Я до сех пор не могу представить что за всего лиш не сколько лем многое можем поминятся. Я заметила молодого мужчину который сидел <segment id='2' features='learner_errors;derivational;affix;insertion' state='active'>зади</segment> в углу и смотрел вниз на свои пыльные туфли. Мне было очень инмересны причины почему он смотпел в низ и так глубоко о чеём-то думал. Прошло многое время перед тем как его сестра меня с ним <segment id='3' features='learner_errors;inflectional;suffix;infinitive' state='active'>познакомила.</segment> Он был и есть очень удивительный человек о том что он о всём очень глубоко думаем. Он стал моим близким другом и моя жизнь не когда не становится скучноя с ним.
    </body>
</document>