<?xml version='1.0' encoding='utf-8'?>
<document>
  <header>
    <textfile>Lana/Lana_HL_IM_2008-2009_Week_2_1_paragraph_summary_non-timed.txt</textfile>
    <lang>russian</lang>
  </header>
    <body>
&lt;Student: Lana
Gender: F
Language background: HL
Level: IM
Year: 2008-2009
Course: On Democracy
Week: 2_1
Text type: paragraph
Function: summary
Time: non-timed
Mode: individual&gt;

В рассказе &quot;Дождь&quot;, автор Варлам Шаламов пытается раскозать читателю об серой, холодной, непонятной жизне которая существует в лагере. Писатель <segment id='1' features='learner_errors;inflectional;flection;person' state='active'>показываем</segment> жизнь без надежды не сущестбует что конец неудачи всегда приходит, так же как и в <segment id='2' features='learner_errors;derivational;affix;spelling' state='active'>рацказе</segment> когда проходящяя женщина показывала на небо она предсказывала об конце мучений заключённых.
    </body>
</document>