<?xml version='1.0' encoding='utf-8'?>
<document>
  <header>
    <textfile>Lana/Lana_HL_IM_2008-2009_Week_4_1_paragraph_summary_non-timed.txt</textfile>
    <lang>russian</lang>
  </header>
    <body>
&lt;Student: Lana
Gender: F
Language background: HL
Level: IM
Year: 2008-2009
Course: European Studies
Week: 4_1
Text type: paragraph
Function: summary
Time: non-timed
Mode: individual&gt;

&lt;Author&gt; Достоевский Фёдор
&lt;Title&gt; Преступление и Наказане
&lt;Pages or chapter&gt; Глава I
&lt;Brief summary and your impressions&gt; 
Автор описывает главного героя <segment id='1' features='learner_errors;inflectional;flection;case_' state='active'>Раскольниково</segment>, как он беден, и где он живёт, как он от своей бедности боится <segment id='2' features='learner_errors;inflectional;suffix;infinitive' state='active'>общятся</segment> с людьми. Он идёт продовать часы его отца чтобы получить немного денег.
    </body>
</document>