<?xml version='1.0' encoding='utf-8'?>
<document>
  <header>
    <textfile>Lana/Lana_HL_IM_2008-2009_Week_5_3_paragraph_summary_non-timed.txt</textfile>
    <lang>russian</lang>
  </header>
    <body>
&lt;Student: Lana
Gender: F
Language background: HL
Level: IM
Year: 2008-2009
Course: SINQ
Week: 5_1
Text type: paragraph
Function: summary
Time: non-timed
Mode: individual&gt;

В рассказе Крутой Маршрут автор Евгения Гинзбург знакомит нас с событиями которые происходили в коммунестической партии. В этом рассказе главных героев начинают обвинять в обсурдных делах. Героиня Евгения Гинзбург тоже обвинена в сотруднечестве с професором Эльвовом. На <segment id='1' features='learner_errors;inflectional;flection;plural_' state='active'>неспроведливое</segment> обвинения она <segment id='2' features='learner_errors;inflectional;suffix;infinitive' state='active'>реагирывает</segment> точно так как Иозиф К.. в книге Франца Кафке &quot;Процесс&quot;. Она не слушает советы професора и её секретарши. Евгения Гинзбург выбирает противостояние с властями &quot;не понимая происходящих событий&quot;. Ей действительно было очень трудно смирится с тем что доказывать что она не имеет некакой вины не имеет некакого значения.
    </body>
</document>