<?xml version='1.0' encoding='utf-8'?>
<document>
  <header>
    <textfile>Lana/Lana_HL_IM_2008-2009_Week_10_1_sentences_plan_non-timed.txt</textfile>
    <lang>english</lang>
  </header>
    <body>
&lt;Student: Lana
Gender: F
Language background: HL
Level: IM
Year: 2008-2009
Course: SINQ
Week: 10_1
Text type: sentences
Function: plan
Time: non-timed
Mode: individual&gt;

Курсовая Работа

Тема: Российская Киноиндустрия
Я выброла ету тему для моей курсовой работы потому что мне очень нравятся фильмы, особено те <segment id='1' features='learner_errors;inflectional;flection;plural_' state='active'>каторы</segment> с других стран. Мне интерисует имено российская киноиндустрия и как госудапство повлияло на неё.

Вопросы:
Использывало государство эту индустрию для пропоганды и как?
Повлияла ли ета индустрия на государство и как?

Кусочек Истории:
Первый фильм каторые видели в Российской Империи были приведены в путь братья Лумиер которые выставлены фильмы в Москве и Петербурге в мае 1896. В том же месяце, братьев Лумиер оператор Камилл Серф сделал первый фильм в России, записи коронации Николая II в Кремле.
    </body>
</document>