<?xml version='1.0' encoding='utf-8'?>
<document>
  <header>
    <textfile>Lana/Lana_HL_IM_2008-2009_Week_7_2_paragraph_expository_timed.txt</textfile>
    <lang>russian</lang>
  </header>
    <body>
&lt;Student: Lana
Gender: F
Language background: HL
Level: IM
Year: 2008–2009
Course: SINQ
Week: 7_2
Text type: paragraph
Function: expository
Time: timed (7 min)
Mode: individual&gt;

Джордж Оэрвелл разочировался в камунизме потомучто он понял что настоящий камунизм не может существовать потомучто люди всегда стремлятся к власти и равномерное существование не существует в мире. У людей натура чтобы эксплотировать людей каторые не такие не такие умные или богатые. Он понял что настоящий камунизм приносит большие недостатки обществу.
    </body>
</document>