<?xml version='1.0' encoding='utf-8'?>
<document>
  <header>
    <textfile>Lana/Lana_HL_IM_2008-2009_Week_11_1_sentences_expository_timed.txt</textfile>
    <lang>russian</lang>
  </header>
    <body>
&lt;Student: Lana
Gender: F
Language background: HL
Level: IM
Year: 2008–2009
Course: SINQ
Week: 11_1
Text type: sentences
Function: expository
Time: timed (7 min)
Mode: individual&gt;

Интересная тема я думаю что вы сможете найти много текстов по этой теме. Я думаю что многие лингвисты задают этот вопрос. &quot;Как метафоры меняются в языке с временем?&quot;

Отказники, Евреи.
60, 70, 80 года
Интересно будет читать пто етих людеи и их страдания.
Я щитаю что на эту тему есть много гниг.

Комсомол.
Как ибреватура <segment id='1' features='learner_errors;inflectional;suffix;infinitive' state='active'>поминялось</segment> с временем.
Это <segment id='2' features='learner_errors;inflectional;flection;gender_' state='active'>интересноя</segment> тема я думаю что вы найдёте много.
обривиатура.

<segment id='3' features='learner_errors;derivational;affix;spelling' state='active'>Приимущество</segment> Грудного Молока почему это лудше для дитей
Очень <segment id='4' features='learner_errors;derivational;affix;spelling' state='active'>не обычная</segment> тема :)
Я думаю что со временем чтения книг об этой теме вы многого узнаете.

иследние Владимир Хлебникого
русские символисты
Интересная тема!
Я думаю что тема неологизма будит очень интерестно иследовать.

Лучевая Теропея.
медицинский жаргон
По этому придмету вы найдёте много информации, интерестноя но я думаю что это сложный предмет понять.    </body>
</document>