<?xml version='1.0' encoding='utf-8'?>
<document>
  <header>
    <textfile>Lana/Lana_HL_IM_2008-2009_Week_7_4_paragraph_summary_non-timed.txt</textfile>
    <lang>russian</lang>
  </header>
    <body>
&lt;Student: Lana
Gender: F
Language background: HL
Level: IM
Year: 2008-2009
Course: SINQ
Week: 7_1
Text type: paragraph
Function: summary
Time: non-timed
Mode: individual&gt;

&lt;Author&gt; 
&lt;Title&gt; Ключи Царства
&lt;Pages or chapter&gt; Глава 11, Глава 12
&lt;Brief summary and your impressions&gt; 
Разбойники взяли в залог служителей церкви. Францесс заболевает. Возврат домой!
Францесс возвращается с мисии. Едет к старому другу. Его посвещаю священиком в церкви его города.
    </body>
</document>