<?xml version='1.0' encoding='utf-8'?>
<document>
  <header>
    <textfile>Lana/Lana_HL_IM_2008-2009_Week_6_2_paragraph_expository_timed.txt</textfile>
    <lang>russian</lang>
  </header>
    <body>
&lt;Student: Lana
Gender: F
Language background: HL
Level: IM
Year: 2008–2009
Course: SINQ
Week: 6_2
Text type: paragraph
Function: expository
Time: timed (7 min)
Mode: individual&gt;

Место каторое для меня очень важное это берег каторый называется Hug Point, этот берег находится здесь в Орегоне он очень красивый. Этот берег окружон рыжими скалами и светлым песком. Для меня это место <segment id='1' features='learner_errors;inflectional;suffix;adverb_suffix' state='active'>важное</segment> потомучто моя лудшая подруга и я туда ездием чтобы прогуливаться в лесу и провести тихое и спакойное время возле воды. Там очень приятно. Вечером между скалами мы всегда там строили кастёр. Это моё самое любимое место в мире.
    </body>
</document>