<?xml version='1.0' encoding='utf-8'?>
<document>
  <header>
    <textfile>Lena/Lena_HL_IM_2009-2010_Week_8_1_paragraph_narration_non-timed.txt</textfile>
    <lang>russian</lang>
  </header>
    <body>
&lt;Student: Lena
Gender: F
Language background: HL
Level: IM
Year: 2009-2010
Course: On Democracy
Week: 8_1
Text type: paragraph
Function: narration
Time: non-timed
Mode: individual&gt;

&lt;name of a fellow student&gt; &lt;date and place of birth&gt;
Студентка первого курса Государственного Университета г. Портланда. Изучает лингвистику и русский. Любит играть на фортепьяно и читать книги в свободное время. 

Хомскийб Ноам (7 Декабря, 1928, Филадельфии, Пенсилвания) 
Американскй лингвист, обшестввеный политик (человек публицист). Учился в Университете Пенсилвании, где он получил степень доктора. Был <segment id='1' features='learner_errors;inflectional;flection;case_' state='active'>политический</segment> <segment id='2' features='learner_errors;inflectional;flection;case_' state='active'>деятель</segment>, выступал против участия США во Вьетнамской войне. Выпустил несколько публикаций, такие как: «Синтаксические <segment id='3' features='learner_errors;inflectional;flection;plural_' state='active'>структур</segment>» 1957 и «Американская держава, или Новые Мандарины»  1969. В политике известен как либеральный социалист, его поддерживали левые, а также критики из всех областей политического спектара. В наше время продолжает работу со студентами в Университете, занимается языком и политикой.
    </body>
</document>