<?xml version='1.0' encoding='utf-8'?>
<document>
  <header>
    <textfile>Lena/Lena_HL_IM_2009-2010_Week_23_1_paragraph+_summary_non-timed.txt</textfile>
    <lang>russian</lang>
  </header>
    <body>
&lt;Student: Lena
Gender: F
Language background: HL
Level: IM
Year: 2009-2010
Course: On Democracy
Week: 23_1
Text type: paragraph+
Function: summary
Time: non-timed 
Mode: individual&gt;

Сегодня мы брали интервью у &lt;name&gt;, она преподаёт русский язык в Портландском Университете.темы интрвью были следующие: высшее и среднее образование, мода и  этикет.Мы узнали, что система образования была обязательной до 10 класса или до 8 класса заканчивая его техническим образованием. До  90-х годов школьнве программы были одинаковы по всему Советскому Союзу. Во времы интервью мы узнали, что &lt;name&gt; занималась химией. Ёще мы узнали, что студенты поступали в институт иногда не зная чем они хотят заниматься, но при этом выбор профессии уже был сделан, тк все институты в Росси строго распределены по специальности.Вступительные экзамены были розыгрыши. Чтобы поступить нужно было пройти очень сложный отбор. Иногда на одно место было 30 человек.
Мода В СССР. Мы узнали, что самовыражение в одеже во времена СССР было закрытым. Одежду купить было сложно, поэтому много лодей шили одежду на заказ у портных в ателье. Денег было достаточно для <segment id='1' features='learner_errors;derivational;affix;spelling' state='active'>преобретени</segment>я одежды, только не всегда одежда была в продаже.
Очень популярой мода была импортной. Мода всегда была важной темой во времена Советского Союза и в наши времена она остаётся главнай темой для всех женщин и мужчин. Мода основывалась на журнальных картинках, которые были завезены из Европы.
Этикет. Ёще мы узнали, что нормы этикета сильно отличаются от норм СоветскогоСоюза, от норм современной России. Особенно это выражено по отношению к старшим. Воспитание детей тоже отличается от воспитания во времена СССР. Детей воспитывали в строгости и послушанию ко взрослым.
Это интервью было познавательно и интересно.




    </body>
</document>