<?xml version='1.0' encoding='utf-8'?>
<document>
  <header>
    <textfile>Lena/Lena_HL_IM_2009-2010_Week_13_1_paragraph+_paraphrase_non-timed.txt</textfile>
    <lang>russian</lang>
  </header>
    <body>
&lt;Student: Lena
Gender: F
Language background: HL
Level: IM
Year: 2009-2010
Course: On Democracy
Week: 12_1
Text type: paragraph+ 
Function: paraphrase
Time: non-timed
Mode: individual&gt;

Дорогая Серафима Петровна! Этот законопроект 66 говорит о том, что частные лица будут платить больше налгов, если годовой доход больше  $150.00. Этот налог пойдёт на бюджет Орегона ( образование, зравоохранение, безопасность). Если один член в семье работает и его годовой доход составляет  $125.000 то налог не берётся. Индивидуальный налог берётся с заработка за год начиная с $125.000. Налог поднимается на 1.8% и более $250.000 налог поднимается на 2.0%. Совмемтный налог не поднимается при доходе $250.000, поднимается при доходе от $250.000-$ 500.000 тысяч на 1.8% и более чем $500.00 на 2.0%.
В законопроекте 67 говорится ,что эти налоги с корпорации увеличатся с 10 доллоров до $150.00. Размер налогов увеличится на 1.3% . Сейчас процент составляет 6.6%, а будет 7.9% на доход $250.000 в 2009 году и 2010г. Это процент будет понежен в 2011- 2012 годах до 7.6%
Дорогая Серафима Петровна, помните, что голосование будет до 26 января 2010 года. Я думаю, что я помогла вам разобраться в этих законах.
&lt;name&gt;




    </body>
</document>