<?xml version='1.0' encoding='utf-8'?>
<document>
  <header>
    <textfile>Lena/Lena_HL_IM_2009-2010_Week_31_1_paragraph+_summary_non-timed.txt</textfile>
    <lang>russian</lang>
  </header>
    <body>
&lt;Student: Lena
Gender: F
Language background: HL
Level: IM
Year: 2009-2010
Course: On Democracy
Week: 31_1
Text type: paragraph+
Function: summary
Time: non-timed 
Mode: individual&gt;

В понедельник 10 мая мы брали интервью у &lt;name&gt;. Цель интервью была сравнить жизнь В СССР и жизнь современной России. Задаваемые темы: этикет, образование и мода. 
Этикет. Мы задали вопрос как он может сравнить школьный этикет в Советском Союзе и в России сейчас. Какой был внешний вид ученика и поведение раньше и в наши дни.
Ответ. В маленьких посёлках почти не изменилось, а в больших городах появились частные и государственные школы. Часные школы посещают дети боготых семей и в таких школах больше воспитателей, чем учителей. В государственниых школах упал пристиж учителя и нет страха и уважения перед учителем.
Вопрос. Изменился ли зтикет общения между людьми с появлением компьютеров, мобильных телефонов и т.д.
Ответ. Зтикет стал более похож на Америку. Люди стали меньше общаться друг с другом.
Вопрос. В СССР не было принято давать чаевые, а как обстоит дело в современной России?
Ответ. В СССР давали чаевые, но очень мало, а теперь все хотят получить чаевые и стараются получить чаевые, для этого нужно хорошо работать.

Образование.
Вопрос. Какие школы в России лучше?
Ответ. «В больших городах школы лучше, чем в маленьких как и в Америке»-добавил &lt;name&gt;.
Вопрос. При СССР образование было бесплатное и в школах и в ВУЗ. А как сейчас?
Ответ. Большие Университеты бесплатные такие как МГУ.
Вопрос. Мы узнали, что три банка в России будут давать заём для студентов на обучение, обычна ли эта ситуация для России?
Ответ. Выдавать кредиты для студентов это большой риск для банка. Проценты будут высокие.

Мода.
Вопрос. Как вы думаете, самовыражение было возможно при Советском Союзе?
Ответ. Не так как сейчас, а очень минимально. Если одеться ярко, то можно было попасть в милицию. Различной моды не было. Многие ходили в ателье, но это было дорого. Магази «Берёзка» был для тех кто имели валюту или иностранцы. Валюту выдавали тем, кто выезжал за границу. <segment id='1' features='learner_errors;inflectional;flection;person' state='active'>Было</segment> специальные магазины для партних. Там они покупали ткани. 
Вопрос. Изменилась ли мода после распада СССР?
Ответ. Нет люди по прежнему следят за модой , мода стала доступней. Появилось много магазинов.
Вопрос. За модой в России следят все ли только молодёж?
Ответ. Следят за модой все и даже бабушки следят какие кофточки они одевают.    </body>
</document>