<?xml version='1.0' encoding='utf-8'?>
<document>
  <header>
    <textfile>Lena/Lena_HL_IM_2009-2010_Week_27_1_paragraph+_supported opinion_non-timed.txt</textfile>
    <lang>russian</lang>
  </header>
    <body>
&lt;Student: Lena
Gender: F
Language background: HL
Level: IM
Year: 2009-2010
Course: On Democracy
Week: 27_1
Text type: paragraph+
Function: supported opinion
Time: non-timed 
Mode: individual&gt;

Чернобыльский туризм
Интересно то, что опасно. Людей всегда привлекает то , что опасно для их жизни. Иногда человек не задумывается о последстиях своих желаний. Он это делает так как  для него озарт.
Желающие увидеть г. Притеть спустя 26 лет после аварии? Как вы думаете, чам эта экскурсия может быть интересна для тысячи, тысячи людей? Во первых они попадут в неизвестность и запретное место куда не допускали людей с момента аварии. Время остановилось в этом месте и людей всегда влечёт желание заглянуть в чужую квартиру и подглядеть, что же там делается? А чт может делаться в месте смерти? Всё мертво и остановлено. Мы сможем вернуться в прошлое наших родителей в их молодость, в  их время. В живую посмотреть как они жили. Как был устроен их быт. Ведь всё брошено и оставлено так, словно завтра опять будет новый день.
Если бы мне предоставилась такая возможность, то я бы не стала от неё отказыватся, а с раростью её посетила, но приняла бы все менры предосторожности. Я бы сначала всё  узнала о радиации, о её опасности, о путях предохранеии от лучевой болезни, об одежде которая защитит от радиации.
Я не думаю, что для меня это будет поездка развлечение. Скорее всего как познавательная и обучающая, но для её организаторов она может быть как цель наживания денег на чужем горе и страданиях.

    </body>
</document>