<?xml version='1.0' encoding='utf-8'?>
<document>
  <header>
    <textfile>Lena/Lena_HL_IM_2009-2010_Week_16_1_paragraph+_expository_non-timed.txt</textfile>
    <lang>russian</lang>
  </header>
    <body>
&lt;Student: Lena
Gender: F
Language background: HL
Level: IM
Year: 2009-2010
Course: On Democracy
Week: 16_1
Text type: paragraph+
Function: expository
Time: non-timed 
Mode: individual&gt;

Инструкция: Как быть счастливым.
Все люди во все времена хотят быть счастливыми, но не все люди счастливы. Одни думают, что счастье достигается огромным количеством денег, другие думают, что с приходом любви они станут обязательно счастливы. Что кто то другой сделает их счастливыми. Или достижения в спорте помогут кому то сделаться счастливыми. А вы не задумывались почему люди желают быть счастливыми но не могут? Что человека делает счастливым? Переезд в другую страну, хорошая работа, любовь, покупка новой машины, или дом. Но при получении всего этого человек остаётся несчастливый. Почему? Потому что у него нет счастья в нём самом. Человек неможет быть счастливым только материально, он должен быть счастлив внутри себя, он должен нучиться радоваться новому дню, своим родителями, друзьям, <segment id='1' features='learner_errors;inflectional;flection;case_' state='active'>жизнь,</segment> что она есть, <segment id='2' features='learner_errors;inflectional;flection;gender_' state='active'>маленькой</segment> кусочку шоколадки, кошке, которая мяукает рядом с тобой, пению птиц за окном, воскресному  утру. Радоваться когда делаешь подарки своим родным, когда светит солнце или наступает ночь. Хорошо ли вам когда вы помогаете людям или животным, когда дарите и даёте? Человеку нужно научиться любить и давать, быть <segment id='3' features='learner_errors;inflectional;flection;case_' state='active'>счастливы</segment> с самим с собой и тогда он сможет понять что же такое счастья, а не ждатьот других, что их осчачтливят.
Вот вам <segment id='4' features='learner_errors;inflectional;flection;gender_' state='active'>домашние</segment> задание!
Спосибо,

(name)

До свидания!
    </body>
</document>