<?xml version='1.0' encoding='utf-8'?>
<document>
  <header>
    <textfile>Lena/Lena_HL_IM_2009-2010_Week_15_1_paragraph_summary_non-timed.txt</textfile>
    <lang>russian</lang>
  </header>
    <body>
&lt;Student: Lena
Gender: F
Language background: HL
Level: IM
Year: 2009-2010
Course: On Democracy
Week: 15_1
Text type: paragraph
Function: summary
Time: non-timed 
Mode: individual&gt;

Студенты из Гаити будут учиться в российских ВУЗах (Высшие Учебные Заведения) бесплатно
Примьет министр России Путин заявил, что все студенты Гаити будут учиться бесплатно. Он сказал, что все кто учились платно, будут учиться бесплатно. Сейчас в России <segment id='1' features='learner_errors;inflectional;suffix;infinitive' state='active'>учатся</segment> 75 студентов из Гаити.Ему задавали вопросы о строительстве посольства в Гаити но Путин сказал, что лучше помогать деньгами. Людям нужны деньги.






    </body>
</document>