<?xml version='1.0' encoding='utf-8'?>
<document>
  <header>
    <textfile>Dan/Dan_FL_IM_2010-2011_Week_12_1_sentences_definition_timed.txt</textfile>
    <lang>english</lang>
  </header>
    <body>
&lt;Student: Dan
Gender: M
Language background: FL
Level: IM
Year: 2010-2011
Course: On Democracy
Week: 12_1
Text type: sentences
Function: definition
Time: timed (5 min)
Mode: individual&gt;

&lt;Что такое свобода?&gt;
Свобода – власть действовать или говорить, или думать без ограничения или нарушения, если он не ограничивает или нарушает свободу другого.
    </body>
</document>