<?xml version='1.0' encoding='utf-8'?>
<document>
  <header>
    <textfile>Dan/Dan_FL_IM_2010-2011_Week_23_1_paragraph+_expository_non-timed.txt</textfile>
    <lang>english</lang>
  </header>
    <body>
&lt;Student: Dan
Gender: M
Language background: FL
Level: IM
Year: 2010-2011
Course: On Democracy
Week: 23_1
Text type: paragraph
Function: expository
Time: non-timed
Mode: individual&gt;

Привет &lt;Name&gt;,
Была очень приятно получить твой имейл. Разве ты не задала вопрос твоей маме? А почему не <segment id='1' features='learner_errors;inflectional;suffix;gender' state='active'>задала</segment> ей супер бойфренд, который занимается таким бизнесом? Шучу. :) Но не совсем шутка, потому что этот парень действительно работает в международном фирме.
&quot;Глокализация&quot; - не совсем <segment id='2' features='learner_errors;inflectional;suffix;gender' state='active'>пошло</segment> в моду. Лучше сказать &quot;глобализация,&quot; если &quot;глокализация&quot; это немножко странно и всегда надо определить слово. Например, когда выросли пытаются употреблять модные слова или говорит о Джустине Бибере. 
Один хороший эффект глобализации - стандартизация. Это когда ты можешь найти <segment id='3' features='learner_errors;inflectional;flection;gender_' state='active'>любую</segment> <segment id='4' features='learner_errors;inflectional;flection;case_' state='active'>продукту</segment>, скажем &quot;сникерс,&quot; в любой стране. Теперь если ты видишь эту конфету, значит что ты уже знаеш что тебе нравится.
Однако! Может быть в той стране конфетная компания закрылась, потому что они не могли конкурировать с крупной международной компании. Даже если местная компания <segment id='5' features='learner_errors;inflectional;suffix;gender' state='active'>создал</segment> лучшую конфету. Жалко, но в бизнесе - это бывает. Но тоже бывает когда человек предлагает что-то очень <segment id='6' features='learner_errors;inflectional;flection;gender_' state='active'>хороший</segment>, но сам не очень успешный бизнесмен. Может быть в этой ситуации лучше продать твою уникальную идею за много денег кому-то. Тогда я мог покупать <segment id='7' features='learner_errors;inflectional;flection;gender_' state='active'>эту</segment> <segment id='8' features='learner_errors;inflectional;flection;case_' state='active'>продукту</segment> где я живу! И ты можешь покупать всё, что ты хочешь.
Я нашел хорошую картину из 1950, когда стали предлагать Американский образ жизни к миру.
Что ты думаешь об этом?
Дядя &lt;Name&gt;

    </body>
</document>