<?xml version='1.0' encoding='utf-8'?>
<document>
  <header>
    <textfile>Dan/Dan_FL_IM_2010-2011_Week_26_1_paragraph+_summary_non-timed.txt</textfile>
    <lang>english</lang>
  </header>
    <body>
&lt;Student: Dan
Gender: M
Language background: FL
Level: IM
Year: 2010-2011
Course: Advanced Russian
Week: 26_1
Text type: paragraph+
Function: summary
Time: non-timed
Mode: individual&gt;

Отчет о дебатах
Сегодня в Хабаровске проходили дебаты на тему <segment id='1' features='learner_errors;inflectional;flection;case_' state='active'>строительство</segment> новой АЭС, чтобы решить дефицит электроэнергии. Всё, что началось как учтивый разговор, стало резкой ссорой, по поводу бесопасности в свете аварии на Фукушиме, воспоминаний о Чернобыле и возможности теракта радикальных зелёных или исламофашистов. В конце дебатов, члёны администрации города согласились построить новую АЭС.
В Хабаровском районе, давно был дефицит электроэнергии. Инженеры <segment id='2' features='learner_errors;inflectional;suffix;tense' state='active'>предлагают</segment> построить современую станцию за пять лет, чтобы заполнить местные нужды. Они несколько раз пытались объяснить, какие выгоды будут у АЭС. Тоже рассказывали, как технология стала лучше с тех пор, как строили АЭС в Фукушиме, Чернобыле и на Три-Майл-Айленде. Эти АЭС были построены устаревшими методами и пострадали от человеческих действий или двойного стихийного бедствия. Но не из-за отказа дизайна АЭС. Такие станции были построены 30-40 лет назад. Как один пожарник, который помогал после аварии в Чернобыле, рассказывал: &quot;АЭС - это как машина, надо менять её через определённый срок.&quot;
Инженеры предложили следующие аргументы в защиту строительства АЭС:
Во-первых, система безопасности использует новую технологию. Например, в случае цепной реакии реактор сам регулирует себя приводит к норму. Не надо думать о землетрясении в нашем районе, потому что мы находимся далеко от разлома. О цунами тоже не надо думать, потому что мы далеко от океана.
Во-вторых, в дискусии экологи предупреждали нас о радиаци, которая может загрязнять окружающую среду даже без аварии. Но инженеры настаивали, что этого просто не может быть, потому что самая вредная радиация - гамма, не может проходить через полтора метра свинцовой стены, которая окружает со всех сторон реактор.
Во-третьих, как работает система переработки и хранения на АЭС. Плутоний можно использовать несколько раз. Воду в резервуарах можно использовать постоянно, а не просто пускать обратно в реку, океан или другие источники. Это очень важно, потому что в Фукусиме горячую воду бросали в океан, и из-за этой привычки убили среду обитания. Ядерные батоны сейчас хоронятся в свинцовой капсуле и их закапывают в землю или запускают в космос на вечность.
В-заключении другие страны уже начали строить новые АЭС, и у них нет  никаких проблем. Ведь ТЭЦ, ТЭС и ГЭС больше вредны для природы и людей, чем АЭС.
На дебатах об алтернативных источниках энергии – солнце или ветер – не говорили.
После предложения инженеров разговор сошёл вниз. Экологи показывали страшные фотографии и дали неопределеные угрозы, которые могут происходить на АЭС до или после строительства.
В конце концов, администирация решила строить станцию. На вопросы о стратегии экономики, логистике или защите от теракта не ответали или не обращали внимание.
Может быть, на выборах администрация отвечает за решение, но видно, что мы больше не будем страдать от дефицита электричества.
Главнвые новости
После дебатов сюда мне звонил соотрюдник офиса губернатора Хэйлунцзяна из города Харбина сказали, что хотят вступить в переговоры о том, что можно импортировать избыточную энергию в Хабаровский и Приморский Край через границу. Губернаторы из трёх районов и представители Народной Республики Китая запланировали переговоры на следующую неделю.
    </body>
</document>