<?xml version='1.0' encoding='utf-8'?>
<document>
  <header>
    <textfile>Dan/Dan_FL_IM_2010-2011_Week_17_1_paragraph+_expository_timed.txt</textfile>
    <lang>english</lang>
  </header>
    <body>
&lt;Student: Dan
Gender: M
Language background: FL
Level: IM
Year: 2010-2011
Course: ACTR essay
Week: 17_1
Text type: paragraph+
Function: expository 
Time: timed (60 min)
Mode: individual&gt;

Что я люблю…
Мои самые любимые веши – хорошая еда, <segment id='1' features='learner_errors;inflectional;flection;plural_' state='active'>фильм</segment>, игры и <segment id='2' features='learner_errors;derivational;affix;spelling' state='active'>путошествые</segment>. Я не знаю, почему я их люблю, но знаю, что получаю такое <segment id='3' features='learner_errors;derivational;affix;spelling' state='active'>удовольство</segment> когда тратаю <segment id='4' features='learner_errors;derivational;affix;spelling' state='active'>времени</segment> на эти веши. Может быть я именно эти веши люблю, из-за что было практическо не возможно делать с большой <segment id='5' features='learner_errors;inflectional;flection;case_' state='active'>семью</segment>.
Например я самый старшии из семи детей, поэтому было слишком дорого кушать в ресторане, или смотреть фильм в кинотеатре, или путошествовать. Так, я думал об этом вопросе и могу писать больше.
Во-первых, все начинается с <segment id='6' features='learner_errors;inflectional;flection;case_' state='active'>чувством</segment>. Во-вторых, потом человек решает где он любить делать эти веши. Во-третьих, человек собирает друзей, которые тоже любят делать эти веши. На конец, может быть человек узнает как заработовать деньги за дела.
Мне кажется, что возможности человека явлается <segment id='7' features='learner_errors;inflectional;flection;gender_' state='active'>проблемом</segment>. Например, я не могу купить Феррари, но я могу узнать все о машине, ходить в авто-шоу, смотреть все что найду на интернете и т.д., чтобы радоваться.
Для меня было легче. Я не могу кушать в ресторанах постаяно, но <segment id='8' features='learner_errors;inflectional;suffix;tense' state='active'>учил</segment> хорошо готовить. Даже так хорошо, что если я пойду в ресторан я знаю если могу готовить рецепты сам. Иногда я <segment id='10' features='learner_errors;derivational;affix;omission' state='active'><segment id='11' features='learner_errors;inflectional;flection;person' state='active' parent='10'><segment id='9' features='learner_errors;derivational;affix;insertion' state='active' parent='11'>познакомаю</segment></segment></segment> с поваром чтобы узнать его секретные методы, или пытаюсь готовить блюд.
Получилось так, от любви и интереса кушать в ресторанах я узнал как готовить лучше чем обычные рестораны. Я <segment id='14' features='learner_errors;derivational;affix;insertion' state='active'><segment id='12' features='learner_errors;inflectional;flection;person' state='active' parent='14'><segment id='13' features='learner_errors;derivational;affix;insertion' state='active' parent='12'>познакомаю</segment></segment></segment> с новыми друзьями, <segment id='15' features='learner_errors;inflectional;flection;person' state='active'>путушествоваю</segment> по миру, и провожу <segment id='16' features='learner_errors;derivational;affix;insertion' state='active'>временю</segment> на моем личном исскустве – кулинария.
Вот, что я люблю.





    </body>
</document>