<?xml version='1.0' encoding='utf-8'?>
<document>
  <header>
    <textfile>Dan/Dan_FL_IM_2010-2011_Week_30_1_sentences_definition_non-timed.txt</textfile>
    <lang>english</lang>
  </header>
    <body>
&lt;Student: Dan
Gender: M
Language background: FL
Level: IM
Year: 2010-2011
Course: On Democracy
Week: 30_1
Text type: sentences
Function: definition
Time: non-timed
Mode: individual&gt;
      
Словарик:
Власть – это возможность управлять, то есть решать, кто что должен делать.        
Голосовать – это  выбирать, кто будет управлять городом, штатом или страной. 
Городской совет – это небольшая группа людей, которая управляет городом. 
Городской устав – документ, в котором <segment id='1' features='learner_errors;inflectional;flection;plural_' state='active'>написано</segment> инструкции как город будет управлять сам себя. – Не пишите это определение, над ним работает Джеки.
Избиратели – люди,  которые голосуют  на выборах и решают, кто будет управлять городом.
Опыт – все, что человек узнал и научился делать за свою жизнь  то, что  поможет ему решать будущие проблемы.
Система – сбор вещей или процессов, которые при подключении выполняют сложную задачу. – это определение давайте уберём
Сити-Холл – место, где мэр, комиссионеры, и аудитор <segment id='2' features='learner_errors;derivational;affix;omission' state='active'>встречают</segment> обслужить об официальном бизнесе города. – за это определение отвечает Катя.
       
        
       
    </body>
</document>