<?xml version='1.0' encoding='utf-8'?>
<document>
  <header>
    <textfile>Dan/Dan_FL_IM_2010-2011_Week_13_2_sentences_definition_timed.txt</textfile>
    <lang>english</lang>
  </header>
    <body>
&lt;Student: Dan
Gender: M
Language background: FL
Level: IM
Year: 2010-2011
Course: On Democracy
Week: 13_2
Text type: sentences
Function: definition
Time: timed (5 min)
Mode: individual&gt;

&lt;Что такое дискриминация?&gt;
Дискриминация – когда человек считает что один человек лучше других, по религиозному признаку, по признаку сексуальной <segment id='1' features='learner_errors;inflectional;flection;case_' state='active'>ориентаций</segment>, по свету кожы, по возросту и т.д.
Часто в Америке думают что есть дискриминация против чёрных, мусульман.
    </body>
</document>