<?xml version='1.0' encoding='utf-8'?>
<document>
  <header>
    <textfile>Dan/Dan_FL_IM_2010-2011_Week_18_1_paragraph+_description_non-timed.txt</textfile>
    <lang>english</lang>
  </header>
    <body>
&lt;Student: Dan
Gender: M
Language background: FL
Level: IM
Year: 2010-2011
Course: On Democracy
Week: 18_1
Text type: paragraph 
Function: description
Time: non-timed 
Mode: individual&gt;

Мой любимый эпизод из фильма – это когда Маржан делает резкое изменение жизни. Я помню, что я смотрел этот фильм <segment id='1' features='learner_errors;derivational;affix;spelling' state='active'>не давно</segment>, после того как я сам изменил свою жизнь. Это было очень пиятно, даже <segment id='2' features='learner_errors;inflectional;suffix;gender' state='active'>несколька</segment> раз смотрел именно этот эпизод и <segment id='3' features='learner_errors;inflectional;flection;gender_' state='active'>разделел</segment> его с другими. Но есть большая разница между <segment id='4' features='learner_errors;inflectional;flection;case_' state='active'>Маржана</segment> и <segment id='5' features='learner_errors;inflectional;flection;case_' state='active'>меня</segment>, мне не было надо брить мои ноги.
    </body>
</document>