<?xml version='1.0' encoding='utf-8'?>
<document>
  <header>
    <textfile>Dan/Dan_FL_IM_2010-2011_Week_31_1_paragraph+_expository_non-timed.txt</textfile>
    <lang>english</lang>
  </header>
    <body>
&lt;Student: Dan
Gender: M
Language background: FL
Level: IM
Year: 2010-2011
Course: Advanced Russian
Week: 31_1
Text type: paragraph+
Function: expository
Time: non-timed
Mode: individual&gt;

Вам удивляет <segment id='1' features='learner_errors;inflectional;flection;case_' state='active'>фактом</segment>, что Американцы любят пить пиво? В Америке, средний американец пьёт 81 литр пиво каждый год, и даже с этой статистикой Америка только находится на тринадцатом месте список стран по потреблению <segment id='2' features='learner_errors;inflectional;flection;case_' state='active'>пиво</segment>.  Это почти половина потребления Чехии.  Пивоварение, но точнее микро-пивоварение и «бреупаб» - важная часть американской культуры и истории.
Иммигранты в Америку всегда берут собой традиции сюда. <segment id='3' features='learner_errors;inflectional;flection;plural_' state='active'>Самый</segment> <segment id='4' features='learner_errors;inflectional;flection;plural_' state='active'>первый</segment> иммигранты были из Германии, Англии и Голландии, которые на тоже самом списке находятся на третьем, шестом и семнадцатом месте соответственно. Они наверно тосковали родному пиву, но в Америке было всё, что нужно варит пиво: <segment id='5' features='learner_errors;inflectional;flection;case_' state='active'>ячменя,</segment> <segment id='6' features='learner_errors;inflectional;flection;case_' state='active'>пшеницы,</segment> хмель и вода. В то времени, питьевая вода было очень <segment id='7' features='learner_errors;inflectional;flection;gender_' state='active'>важно</segment>, потому что они не знали о <segment id='8' features='learner_errors;inflectional;flection;plural_' state='active'>бактерии,</segment> но знали после варки и в <segment id='10' features='learner_errors;inflectional;flection;gender_' state='active'>алкоголи</segment> ничего плохого может жить. 
Несколько отцов-основателей США варили пиво, например Джордж Вашингтон, Томас Джефферсон, Самюэл Адамс и другие. Когда Джефферсон разработал дизайн усадьбы «Монтичелло», в планах был маленький домик для ферментации. У Вашингтона был свой рецепт для маленького пива, то есть пиво с минимальным количеством <segment id='9' features='learner_errors;inflectional;flection;case_' state='active'>алкоголи</segment> на завтрак. Бенджамин Франклин известно сказал «Пиво - еще одно доказательство того, что господь бог любит нас и хочет, чтобы мы были счастливы». 
После восемнадцатой поправки к конституции США «сухой закон» в 1919, многие пивоварения закрылись или шли на чёрный рынок. Несколько из их стали диверсифицировать в другие продукты под названием «мягкие напитки» - корневое пиво. Традиция пивовара почти закончилась. В 1933 сухой закон был отменен, но никто кроме самых больших пивоваров остались. Конечно, традиция домашнего пивоварения <segment id='11' features='learner_errors;derivational;affix;omission' state='active'>продолжала</segment>, но после сухого закона еще было не легально продать домашнее пиво и были особые большие налоги на продаже пиво. Поэтому, большие пивовары при помощи закона, стандартизации и стоимости модернизации и фабрикации и стали единственными производителями в Америке. 
В 70-ых остальные федеральные законы против пива были разъяснены - право варить пиво <segment id='12' features='learner_errors;derivational;affix;omission' state='active'>возвращало</segment> и идея из зелёной революции <segment id='13' features='learner_errors;inflectional;suffix;tense' state='active'>распространена</segment> в домашнее и ремесленное пивоварение. В то времени, только остались около 40 пивоварениях в Америке. Люди хотели больше из пива, чем стандартный сфабрикованный вкус.  В 1982 открылся первый «бреупаб» основан шотландского иммигранта в Якиме, штат Вашингтон – Грантс пивовар-паб, этот был первый легальный «бреупаб» в Америке после сухого закона. Долина Якима очень известная и важная, потому что там выращивают 75% хмеля, используемые в пивоварении вся Америки.  К сожалению «Грантс» после смерти основатели, закрылся. Но модель бизнеса «бреупаб» было очень просто и похожа на пабы в Англии, Ирландии, Бельгии и других, где они варят и продают пиво в то же месте. Ради успеха Гранта, другие открылись везде. Но только в 2010 были в Америке больше пивоваров, чем в 1800-ых годах.
В сегодняшние дни в Америке есть больше 1750 пивоварений и с валовой стоимости доллара более 7 миллиардов. Самое большое ремесленное пивоварение открылось в 1984 в Бостоне под названием «Семюэл Адамс». Сегодня они и другие производят почти 10 миллионов бочек или 1,167,839,795 литеров пива каждый год, не читая производство самого большого пивоварения в мире «InBev».
Пивные фестивали идут везде весь год. Самый большой фестиваль происходит в Денвере, штат Колорадо.  Первый фестиваль участвовали 22 пивоваров в 1982. В 27 лет стало 457 разных пивоваров, льющий 2,100 видов пива для почти 50 тысяч людей. В фестивале тоже есть конкурс, где даже больше пивоваров участвуют, чтобы стать лучше всех в 78 категориях вкусов пива. У них обычное пиво и иногда с крайним вкусом: перец, тыква и даже крем-брюле. У этих пивоваров есть главное убеждение, что клиент должен выбирать его независимый вкус и умеет свобода найти это пиво без проблем в любом месте.
После сухого закона власть регулировать пива бывает разно в каждом штате. До сих пор у некоторых есть старые законы или запрещают всё в целом. Считаются, что Пенсильвания  один из самых противных в Америке, потому что только можно покупать пиво у склада и каждое пиво, продающее из листка государства, даже если пиво иностранный импорт. А если государство не правильно переводило название пива они заберут и штрафуют. Считаются, что Орегон, Вашингтон, Колорадо и Калифорния самые гибкие по закону, и поэтому выбор видов и качество в этих штатах лучше, и это есть факт по результатам конкурса. Через совсем мало времени США стал одна из самых лучших стран производителей пива в мире.
Прост!  
         
        
    </body>
</document>