<?xml version='1.0' encoding='utf-8'?>
<document>
  <header>
    <textfile>Bob/Bob_FL_IM_2008-2009_Week_25_1_paragraph_expository_non-timed.txt</textfile>
    <lang>english</lang>
  </header>
    <body>
&lt;Student: Bob
Gender: M
Language background: FL
Level: IM
Year: 2008 - 2009
Course: Environmental Sustainability
Week: 25_1
Format: paragraph
Function: expository
Time: non-timed
Mode: individual&gt;

Главные проблемы в моиx статьяx заключаются в том, что пресной воды в мире xватает, но её трудно разделить и очищать.  Вообще, статьи – понятные, но я использовал словарь несколько раз.  Я xочу подробно обсуждать проблемы водосоxранения на уроке.  Я xочу знать о проблемаx водоснабжения и соxранения в <segment id='1' features='learner_errors;inflectional;suffix;participle' state='active' correction='развивающейся'>развиващай</segment> части мира.
    </body>
</document>