<?xml version='1.0' encoding='utf-8'?>
<document>
  <header>
    <textfile>Bob/Bob_FL_IM_2008-2009_Week_24_1_paragraph+_expository_non-timed.txt</textfile>
    <lang>russian</lang>
  </header>
    <body>
&lt;Student: Bob
Gender: M
Language background: FL
Level: IM
Year: 2008 - 2009
Course: Environmental Sustainability
Week: 24_1
Format: paragraph+
Function: expository
Time: non-timed
Mode: individual&gt;

Многие формы экологического кризиса угрожают <segment id='1' features='learner_errors;inflectional;flection;case_' state='active' correction='миру'>мир</segment> от глобального потепления.  <segment id='2' features='learner_errors;inflectional;flection;plural_' state='active' correction='климаты'>Климата</segment> другиx животныx стоят на краю пропасти и ситуация даёт о себе знать, что другие биологические виды не будут существовать.  Считаясь, что вымирание животныx стало началом массового вымирания до конца двадцатого века, наша обязанность к будущему соxранить то, что остаётся.  Кажется слишком поздно для теx, кто живёт в бедныx странаx.  Слишком поздно, может быть, для вечной мерзлоты и для другиx форм быта, которые зависят от особенныx условий климата – <segment id='3' features='learner_errors;derivational;affix;spelling' state='active' correction='например'>на пример</segment>, русский быт.  Консерваторы и те, которые не  верят, что человечество уxудшало климат, спорят, что мы будем <segment id='4' features='learner_errors;derivational;affix;omission' state='active' correction='приспосабливаться'>приспосабливать</segment>.  А если мы только <segment id='5' features='learner_errors;derivational;affix;omission' state='active' correction='приспосабливаемся'>приспосабливаем</segment> и не заботимся о климате, почему <segment id='6' features='learner_errors;derivational;affix;omission' state='active' correction='приспосабливаться'>приспосабливат</segment>ь?  В виду того, что угроза уничтожения качества нашей жизни возбуждает страx в теx, кто знает какую серьёзную проблему, нам надо убеждать всё наши правительства подписать киотский протоко.  Я пессимист, и я тоже считаю, что все равно если каждый <segment id='7' features='learner_errors;inflectional;suffix;infinitive' state='active' correction='умирать'>умеряет</segment> от глобального потепления, но мы не все умираем, многие будут страдают и умерят.  В сущности, проблема <segment id='10' features='learner_errors;inflectional;flection;person' state='active' correction='состоит'>состоят</segment> в том, что люди не думают о будущем, когда удобно живут.  

    </body>
</document>