<?xml version='1.0' encoding='utf-8'?>
<document>
  <header>
    <textfile>Bob/Bob_FL_IM_2008-2009_Week_27_4_paragraph_expository_non-timed.txt</textfile>
    <lang>english</lang>
  </header>
    <body>
&lt;Student: Bob
Gender: M
Language background: FL
Level: IM
Year: 2008 - 2009
Course: SINQ
Week: 27_4
Format: paragraph
Function: expository
Time: non-timed
Mode: individual&gt;

&lt;Дневник&gt;
На этой неделе, я читал часть книги из Магаданского книжного издательства, которая называется «Берег двух океанов».  Эта книга говроит о том, что Магаданская область богатая часть Росии, где существуют экономические ресурсы, природная красота и хорошие <segment id='1' features='learner_errors;derivational;affix;omission' state='active'>разнообразие</segment> люди.  Книга чуть-чуть  пропагандическая, но подробно объясняет, как живут люди в области, каковы их традиции и мнения и средства к существованию.  Я буду <segment id='2' features='learner_errors;derivational;affix;omission' state='active'>пользовать</segment> эту книгу для моего исследования характера города Магадана.
    </body>
</document>