<?xml version='1.0' encoding='utf-8'?>
<document>
  <header>
    <textfile>Bob/Bob_FL_IM_2009-2010_Week_10_1_sentences_expository_non-timed.txt</textfile>
    <lang>english</lang>
  </header>
    <body>
&lt;Student: Bob
Gender: M
Language background: FL
Level: IM
Year: 2009-2010
Course: European Studies
Week: 10_1
Format: sentences (slides)
Function: expository
Time: non-timed
Mode: individual&gt;

Пакт Молотова-Риббентропа
23 августа 1939 года «договор о ненападении между Германией и Советским Союзом»
Почему СССР <segment id='1' features='learner_errors;inflectional;flection;person' state='active'>согласился</segment> на договор?
Гражданская война 
народ устал страдать
Сталин хотел совершить секретный договор о разделении Польши.
Сталин боялся из-за того, что он убил или посадил за решеткой много офицеров. И так армия не была готова к битве. 
Преимущества для Германии
Было выгодно подписать договор, из-за того, что Германия не хотела начинать вторую мировую войну на двух фронтах. 
Гитлер тоже хотел разделить Польшу, чтобы <segment id='2' features='learner_errors;derivational;affix;omission' state='active'>готовить</segment> нападать СССР! Он же почти <segment id='3' features='learner_errors;derivational;affix;omission' state='active'>писал</segment> это в «Майн камф». 

    </body>
</document>