<?xml version='1.0' encoding='utf-8'?>
<document>
  <header>
    <textfile>Bob/Bob_FL_IM_2008-2009_Week_30_1_paragraph_supported opinion_timed.txt</textfile>
    <lang>english</lang>
  </header>
    <body>
&lt;Student: Bob
Gender: M
Language background: FL
Level: IM
Year: 2008-2009
Course: American Studies
Week: 30_1
Format: paragraph
Function: supported opinion
Time: timed (10 min)
Mode: Individual&gt;

Вопрос о том, что сложно обинять общество в <segment id='1' features='learner_errors;inflectional;flection;case_' state='active'>действе</segment> отдельного человека, один из самых трудных <segment id='2' features='learner_errors;derivational;affix;omission' state='active'>решить</segment>. По моему, не в целом. Общество <segment id='3' features='learner_errors;inflectional;flection;person' state='active'>влят</segment> огромно на <segment id='4' features='learner_errors;inflectional;flection;case_' state='active'>судьбе</segment> каждого человека - но человек может решить что делать в каждом случае. Вопрос <segment id='5' features='learner_errors;inflectional;flection;person' state='active'>состоят</segment> в том что &quot;есть у человека свободная воля?&quot;, в целом, я думаю нет. Можно сказать, что общество подозрительно в каждом случае; но трудно наказать или изменить его.     </body>
</document>