<?xml version='1.0' encoding='utf-8'?>
<document>
  <header>
    <textfile>Dan/Dan_FL_IM_2010-2011_Week_29_1_paragraph_expository_non-timed.txt</textfile>
    <lang>english</lang>
  </header>
    <body>
&lt;Student: Dan
Gender: M
Language background: FL
Level: IM
Year: 2010-2011
Course: On Democracy
Week: 29_1
Text type: paragraph (oral presentation speech, 1st draft)
Function: expository
Time: non-timed
Mode: individual&gt;

Доброе утро всем. Меня зовут &lt;Name&gt; и вам дам обзор нашей презентации.  
Цель этой брошюры – объяснить ученикам младших классов структуру городского самоуправления Портленда. Ребята узнают, как работает городской совет и будут иметь общее представление о полномочиях и обязанностях его членов.
Словарик - Трудно объяснить идеи простым языком
Всегда надо думать, как можно проще сказать что-то. Я стираюсь не думать, как бы был объяснить детям, а профессиональному сотруднику, с которым я буду работать, и для меня будет выгодно, если он успешный
<segment id='1' features='learner_errors;derivational;affix;insertion' state='active'>Используясь</segment> фотографиями, или что угодно, чтобы он понял больше глазами
Опираясь на ограниченный опыт
Говорить о важных терминах и повторить информацию, чтобы он привык слушать жаргонный язык
Кто самый главный деятель в Портленде?
Если вы меня спрашивали, когда я был маленьким, я бы сказал «мэр». Я только знал о мэре, и в то время он был Буд Кларк. Буд Кларк был очень известным, потому что перед того, как он стал мэром, он был <segment id='2' features='learner_errors;derivational;affix;substitution' state='active'>владетелем</segment> таверна, и каждый день ездил на <segment id='3' features='learner_errors;inflectional;flection;case_' state='active'>работе</segment> на велосипеде. Только в Портленде. До этого упражнения не знал, как система работала.
У Портленде есть своя система городского самоуправления.
Мэр
«Комиссионера»
Аудитор
У них вместе в одном времени законодательная и исполнительная власть
Джаки вам слова.
В заключении, что вы знаете?
Знаете, как работает наша система городского управления. 
Знаете, кто такие мэр, аудитор и специальные уполномоченные и чем они занимаются. 
Знаете, что у Портленда есть город-побратим – Хабаровск. Знаете, на какие проекты наши города работали вместе.
Теперь вам надо в Сити Холл и смотреть сами.  
И самое главное, если вы хотели бы жаловаться о политике, права жалобы не ваше без личного участия в выборах. Голосуйте!
    </body>
</document>