<?xml version='1.0' encoding='utf-8'?>
<document>
  <header>
    <textfile>Dan/Dan_FL_IM_2010-2011_Week_16_2_paragraph+_expository_non-timed.txt</textfile>
    <lang>english</lang>
  </header>
    <body>
&lt;Student: Dan
Gender: M
Language background: FL
Level: IM
Year: 2010-2011
Course: On Democracy
Week: 16_2
Text type: paragraph+ 
Function: expository
Time: non-timed 
Mode: individual&gt;

&lt;Представьте, что вы - стипендиат программы Фулбрайт (престижная программа культурного обмена), американский студент, приехавший в Университет Каира для изучения арабского и преподавания английского.

У вас есть свой блог, который вы ведёте на русском языке (чтобы не &quot;потерять&quot; свой третий язык).
В Египте не работает интернет и мобильные телефоны, но у вас есть спутниковая связь, при помощи которой вы можете продолжать публиковать свой блог.

Итак, напишите небольшую заметку для своего блога о том, что происходит сейчас в Египте. Как это затрагивает вашу жизнь? Что вы чувствуете? Каково быть американцем в Египте в настоящее время? Что вы планируете делать?

У вас должен получиться небольшой (до четырёх абзацев) связный повествовательный (narrative) текст. Ваша задача не просто сухо передать факты, а &quot;персонализировать&quot; ситуацию - показать происходящее глазами обычного, конкретного человека.&gt;

Привет всем!
Многие из вас спрашивали обо мне... если я в безопасности. Всё в порядке. К счастью я покинул Каир, прежде чем большинство протестов начиналось. Теперь я не вернусь туда, потому что где я жил был разграблен полностью. Область &quot;Маади&quot; был один из самых богатых районов в Каире. 
Сейчас план такой: остаться в Александрии. Я не знаю пока, если мне придётся убегать в другую страну на средиземном море. Хотя я не далеко от запасного выхода.
Мои израильские друзья очень обеспокоены. Никто не устраивает США, но не могут указать на точную причину. Тема опасно обсуждать сейчас, потому что никто не знает, что будет. Некоторые люди говорят, что политика энергии США виноват. США покупает меньше нефти. И производит биоэтанол чтобы использовать вместо еды на продажу. Это делает пищу более дорожее здесь и бедные не могут кормить себя. 
Тем не менее богатые оставались не голодным. Вероятно, что они пытается избежать, прежде чем мобы убьют их.
Я не знаю, что мы должны делать. Я буду оставаться в безопасности и попытаться сформировать осведомленное мнение о этой ситуации. Возможно, что наше исследование поможет стабилизации и мирного процесса. Я надеюсь. Я буду на связи.

    </body>
</document>