<?xml version='1.0' encoding='utf-8'?>
<document>
  <header>
    <textfile>Dan/Dan_FL_IM_2010-2011_Week_14_1_paragraph+_expository_non-timed.txt</textfile>
    <lang>english</lang>
  </header>
    <body>
&lt;Student: Dan
Gender: M
Language background: FL
Level: IM
Year: 2010-2011
Course: On Democracy
Week: 14_1
Text type: paragraph+
Function: expository
Time: non-timed 
Mode: individual&gt;

&lt;Write a vignette (describe a situation that can be interpreted/ can develop in different ways depending on the conditions).&gt;

Поздно вечером, и вы можете видеть двух мужчин перед <segment id='1' features='learner_errors;inflectional;flection;plural_' state='active'><segment id='2' features='learner_errors;inflectional;flection;case_' state='active' parent='1'>двери</segment></segment> соседей. У каждого из них есть мешки и они пытаются открыть дверь. Через некоторое время вы решите позвонить за помощью. Аварийно-спасательная служба предупреждает <segment id='3' features='learner_errors;inflectional;flection;case_' state='active'>местной</segment> <segment id='4' features='learner_errors;inflectional;flection;case_' state='active'>охраны</segment>. Потом один из мужчин уежает, а другой остаётся в доме. До прибытия полиции местная охрана приезжает и уезжает без инцидентов. После прибытия полиции арестуют черного человека.

Ситуация 1: Полиция сделали свое дело. Очевидно, что преступник делал что-то так что быть арестован.
Ситуация 2: Полиция была неправильной. Охрана не <segment id='5' features='learner_errors;inflectional;flection;gender_' state='active'>нашли</segment> проблему, но полиция взяла человека. Может быть, случай расизма.
Ситуация 3: Оба виноваты. Они упустили возможность, чтобы решить эту проблему. Однако сотрудник полиции должен быть способен обрабатывать такие ситуации без ареста.


    </body>
</document>