<?xml version='1.0' encoding='utf-8'?>
<document>
  <header>
    <textfile>Dan/Dan_FL_IM_2010-2011_Week_17_2_paragraph+_compare&amp;contrast_non-timed.txt</textfile>
    <lang>english</lang>
  </header>
    <body>
&lt;Student: Dan
Gender: M
Language background: FL
Level: IM
Year: 2010-2011
Course: On Democracy
Week: 17_2
Text type: paragraph+ 
Function: compare/contrast
Time: non-timed 
Mode: individual&gt;

&lt;Write a paragraph: How the current situation in Egypt is EITHER similar to or different from the Iranian Revolution of 1978-79.&gt;

В чём сходство и различие между революциами Египта и дореволюционного Ирана?
Вначале можно сказать, что они похожи друг на друга в следующих точках. Во-первых, в каждой ситуации США заявили, что лидеры этих стран являются нашими союзниками в регионе несколько лет, перед того как они ушли в отставку. И каждый раз, президент США и общий запад <segment id='1' features='learner_errors;inflectional;flection;person' state='active'>прекратить</segment> поддерживать нынешнее руководство в <segment id='2' features='learner_errors;inflectional;flection;gender_' state='active'>последные</segment> момент.
Во-вторых, армия отказывается выступать против народа.
Во-третьих, президент Мубарак и Шах пытались сохранить <segment id='3' features='learner_errors;inflectional;flection;plural_' state='active'>власти</segment>, обещая уступки.
Но у этой ситуации есть различия. Во-первых, интернет. Каждый египетский человек может сообщить свое мнение. Ал-Джазира стала самым главным источником новостей. И сейчас более трудно для режима скрыть свои усилия подавыть протесты.
Во-вторых, в настоящее время <segment id='4' features='learner_errors;inflectional;suffix;gender' state='active'>считаются</segment>, что коммунизм не <segment id='5' features='learner_errors;derivational;affix;omission' state='active'>становит</segment> реалистичным результатом. И Турция, не США – модель современной демократии и даже проводит стабильности в арабском мире.
    </body>
</document>