<?xml version='1.0' encoding='utf-8'?>
<document>
  <header>
    <textfile>Dan/Dan_FL_IM_2010-2011_Week_13_1_paragraph+_summary_non-timed.txt</textfile>
    <lang>english</lang>
  </header>
    <body>
&lt;Student: Dan
Gender: M
Language background: FL
Level: IM
Year: 2010-2011
Course: On Democracy
Week: 13_1
Text type: paragraph+
Function: summary
Time: non-timed
Mode: individual&gt;

Даллас, штат Техас, США. Корнелиус Дюпри, который был осуждён за ограбление и изнасилование и приговорён к 75 годам тюремного заключения, был освобожден, после того как он отбыл в тюрьме 30 лет. Его приговор был основан главным образом на показаниях очевидцев и неправильной идентификации. 
Почему? 
По данным органиции &quot;Акт Невиновности&quot;, которая помогла 265 <segment id='1' features='learner_errors;inflectional;flection;plural_' state='active'>людам</segment> в <segment id='2' features='learner_errors;inflectional;flection;case_' state='active'>установление</segment> невиновности, до 198 их дела зависят от <segment id='3' features='learner_errors;inflectional;flection;plural_' state='active'>показания</segment> очевидцев. В 66 <segment id='5' features='learner_errors;inflectional;flection;case_' state='active'><segment id='4' features='learner_errors;inflectional;flection;plural_' state='active' parent='5'>случаев</segment></segment> убеждения опирались на ложные признания или самостоятельно компрометирующие заявления, которые были позже <segment id='6' features='learner_errors;inflectional;suffix;adverbial_participle' state='active'>оспариваемы</segment> такими доказательствами как ДНК. Печальная деталь этой статистики является то, что из 265 человек 92 осужденных были либо менее 18 лет либо имели умственные недостатки. 
В Америке в настоящее время проживает 307 миллионов человек. Из них 37 миллионов являются афроамериканцами. Статистика показывает, что 26% афроамериканцев живут ниже черты бедности. Это довольно высокий процент по сравнению с остальными нациями проживающами в Америке, который составляет только 9%. В настоящее время в Америке в <segment id='7' features='learner_errors;inflectional;flection;case_' state='active'>заключение</segment> <segment id='8' features='learner_errors;inflectional;suffix;infinitive' state='active'>находиться</segment> более 2 млн. человек. Из них 780 тыс. являются афроамериканцами. 
Как белый человек, я не хочу верить, что цвет кожы может быть связан с высокой или низкой преступностью. Америка это страна с одинаковыми возможностями для всех национальностей. 

&lt;список источников&gt;


    </body>
</document>