<?xml version='1.0' encoding='utf-8'?>
<document>
  <header>
    <textfile>Dana/Dana_FL_IM_2009-2010_Week_19_1_paragraph+_expository_non-timed.txt</textfile>
    <lang>english</lang>
  </header>
    <body>
&lt;Student: Dana
Gender: F
Language background: FL
Level: IM
Year: 2009-2010
Course: American Studies
Week: 19_1
Text type: paragraph+ 
Function: expository
Time: non-timed 
Mode: individual&gt;

Мне кажется, что влияние времени на статью видно в тоне статьи. В 1968ом году, отношения между СССР и <segment id='1' features='learner_errors;inflectional;flection;case_;derivational' state='active'>Америке</segment> <segment id='2' features='learner_errors;derivational;affix;substitution' state='active'>противоположение</segment> были, и опасно было не критиковать Америку, если речь шла о ней даже не минуту. Думаю, что невозможно было относиться позитивно к Америке через <segment id='3' features='learner_errors;inflectional;flection;case_;derivational' state='active'>романа</segment> &quot;Великий Гетсби&quot;. Колесникова <segment id='4' features='learner_errors;inflectional;flection;person' state='active'>видет</segment> в &quot;Великом Гэтсби&quot; тёмную, безнадежную Америку, где люди страдают при &quot;империалисме&quot; и &quot;безпринципности буржуазного общества&quot;. Согласно с неё интерпретации, Фицджеральд написал свою повесть только чтоб обвинить &quot;господствующий класс в аморальности общества&quot;. Абсолютно понятно, что Колесникова так <segment id='5' features='learner_errors;inflectional;flection;person' state='active'>видет</segment> Америку, и празднует роман как окно, показывая настоящую Америку.

    </body>
</document>