<?xml version='1.0' encoding='utf-8'?>
<document>
  <header>
    <textfile>Dana/Dana_FL_IM_2009-2010_Week_15_1_paragraph+_supported opinion_non-timed.txt</textfile>
    <lang>english</lang>
  </header>
    <body>
&lt;Student: Dana
Gender: F
Language background: FL
Level: IM
Year: 2009-2010
Course: Russian Literature
Week: 15_1
Text type: paragraph+
Function: supported opinion
Time: non-timed
Mode: individual&gt;

<segment id='1' features='learner_errors;inflectional;flection;case_' state='active'>Мне</segment> странная была встреча с Патриком Стэнли. Когда я первый раз читала их разговор, мне было нужно перечитать ещё полтора <segment id='2' features='learner_errors;inflectional;flection;case_' state='active'>раз</segment>, потому что я не понимала что случилось. Не понимала, как он заказал напитки и еду, если не говорил <segment id='3' features='learner_errors;derivational;affix;spelling' state='active'><segment id='6' features='learner_errors;derivational;affix;insertion' state='active' parent='3'>по-Английскии</segment></segment>, и сомневалась, что американский солдат мог бы так хорошо <segment id='4' features='learner_errors;inflectional;suffix;tense' state='active'>говорил</segment> <segment id='5' features='learner_errors;derivational;affix;spelling' state='active'><segment id='7' features='learner_errors;derivational;affix;insertion' state='active' parent='5'>по-Русский</segment></segment>. Мне казалось, что у целой ночи в салуне был чувство сна. Всё ясно <segment id='8' features='learner_errors;inflectional;suffix;gender' state='active'>стал</segment>, в конце, когда он объяснил, что он Патрика придумал.
Я думаю, что он заканчивает очерк в таком виде потому, что он хотел показать возможность дружбы и сходство всех людей. Он представляет историю как <segment id='9' features='learner_errors;inflectional;flection;case_' state='active'>истина</segment>, чтобы читатель <segment id='10' features='learner_errors;inflectional;suffix;gender' state='active'>должно</segment> думать о такой возможности. Легко игнорировать преподавать о дружбе, но трудно не думать о такой истории.
Стиль очерка очень <segment id='11' features='learner_errors;inflectional;flection;gender_' state='active'>разговорная</segment>, словно он говорит с читателем, или пишет в дневнике. Он говорит больше всего о том, что интересует его, главно люди в его группе, и здания. Он всё описывает с подробностями, и добро. Мне кажется, что он мягко обращает внимание читателя на то, что им будет интересно, но тоже на то, что показывает человечество <segment id='12' features='learner_errors;inflectional;flection;case_' state='active'>американцев.</segment>
Я думаю, что он выбрал <segment id='13' features='learner_errors;inflectional;flection;gender_' state='active'>это</segment> подзаголовок, потому что Америка была <segment id='14' features='learner_errors;inflectional;flection;case_' state='active'>так</segment> далёкой тогда; почти невозможно было там уехать, <segment id='15' features='learner_errors;inflectional;flection;plural_' state='active'>американцев</segment> небыли в СССР. Человек, который там ехал, был как космонавт, и США <segment id='16' features='learner_errors;inflectional;flection;person' state='active'>был</segment> как другой мир, или другое измерение.
    </body>
</document>