<?xml version='1.0' encoding='utf-8'?>
<document>
  <header>
    <textfile>Dana/Dana_FL_IM_2009-2010_Week_24_1_paragraph_definition_timed.txt</textfile>
    <lang>english</lang>
  </header>
    <body>
&lt;Student: Dana
Gender: F
Language background: FL
Level: IM
Year: 2009-2010
Course: Russian in the Major
Week: 24_1
Text type: paragraph
Function: definition
Time: timed (7 min)
Mode: individual&gt;

&lt;Что такое специализированная и неспециализированная карьера?&gt;

Карьера специализированная - это самая популарная в <segment id='1' features='learner_errors;inflectional;flection;case_' state='active'>Америки</segment>. Инженер, например, работает инженером, не смотря на его компанию. Карьера неспециализированная существуют тоже, но менще здесь. Может быт, в заводе <segment id='2' features='learner_errors;derivational;affix;substitution' state='active'>работчик</segment> <segment id='3' features='learner_errors;inflectional;suffix;infinitive' state='active'>занимаеться</segment> многими работами, но у него карьера. Часто, специализированая карера даёт болше <segment id='4' features='learner_errors;inflectional;flection;case_' state='active'>заплата</segment>, но может быт скучнее. 
    </body>
</document>