<?xml version='1.0' encoding='utf-8'?>
<document>
  <header>
    <textfile>Dana/Dana_FL_IM_2009-2010_Week_16_1_sentences_ questions_non-timed.txt</textfile>
    <lang>english</lang>
  </header>
    <body>
&lt;Student: Dana
Gender: F
Language background: FL
Level: IM
Year: 2009-2010
Course: Russian Literature
Week: 16_1
Text type: sentences
Function:  questions
Time: non-timed 
Mode: individual&gt;

Что значит “насторожить”?
Как Некрасов знает, что меньше четверт из студентов будет стремиться открыть дело?
Если Некрасов против Американского образа жизни, почему им жалко, что так мало будут стремиться открыть дело?
Писатель <segment id='1' features='learner_errors;inflectional;flection;person' state='active'>говорить</segment>, что вопрос о молодёжи вечный. Думает он, что это поэтому не увежительный вопрос?

    </body>
</document>