<?xml version='1.0' encoding='utf-8'?>
<document>
  <header>
    <textfile>Dana/Dana_FL_IM_2009-2010_Week_21_2_paragraph+_description_non-timed.txt</textfile>
    <lang>english</lang>
  </header>
    <body>
&lt;Student: Dana
Gender: F
Language background: FL
Level: IM
Year: 2009-2010
Course: Russian in the Major
Week: 21_2
Text type: paragraph+ 
Function: description
Time: non-timed 
Mode: individual&gt;

&lt;Описанние лекции&gt;
  
Лекция о политике, которую слушаю сейчас, называется &quot;Введение в политологию&quot;. Урок происходит три раза в недели, в девять часов. Домашних заданий нет, но студентам удалось читать много - около <segment id='1' features='learner_errors;inflectional;flection;case_' state='active'>сто</segment> страниц тяжёлых текстов в <segment id='2' features='learner_errors;inflectional;flection;case_' state='active'>недели</segment>. Наши тексты включают &quot;Политика&quot; Хэга и Херропа, &quot;В зашиту политики&quot; Крика, и &quot;Власть и идеалисты: страсти Джошки Фишкра&quot; Бермана.
Самые интересные вопросы, которые обсуждали, были &quot;Что такое политика?&quot; &quot;Политика нам абсолютно нужна?&quot; и &quot;Какие политические системы существуют в современном мире?&quot;
Оценки очень простые: студенты <segment id='3' features='learner_errors;derivational;affix;substitution' state='active'>задают</segment> три <segment id='4' features='learner_errors;inflectional;flection;case_' state='active'>короткие</segment> <segment id='5' features='learner_errors;inflectional;flection;case_' state='active'>экзамены</segment>, и также пишут курсовую работу на десять страниц. Курсовая может быть о любой теме, которую обсуждали на лекции, но всё надо писать без <segment id='6' features='learner_errors;inflectional;flection;case_' state='active'>исследование</segment>; студенту надо писать только о том, что он читал в текстах и слышал на уроке.
    </body>
</document>