<?xml version='1.0' encoding='utf-8'?>
<document>
  <header>
    <textfile>Dana/Dana_FL_IM_2009-2010_Week_13_1_paragraph_supported opinion_timed.txt</textfile>
    <lang>english</lang>
  </header>
    <body>
&lt;Student: Dana
Gender: F
Language background: FL
Level: IM
Year: 2009–2010
Course: Russian in the Major
Week: 13_1
Text type: paragraph
Function: supported opinion
Time: timed (7 min)
Mode: individual&gt; 

&lt;Какие потребности человека можно отнести к самым важным? Почему?&gt;

По моему, самые важные потребности человека - потребность в проживании, в любви, и в знаниях. Проживание, чтобы человек жил и <segment id='1' features='learner_errors;inflectional;suffix;tense' state='active'>работает</segment>, каждому надо об<segment id='2' features='learner_errors;inflectional;flection;person' state='active'>работает</segment> на себя. Любовь, чтоб он помогал <segment id='3' features='learner_errors;inflectional;flection;case_' state='active'>други</segment>х, а знание, чтобы он всегда учился и <segment id='4' features='learner_errors;inflectional;flection;person' state='active'>строили</segment> нам лучше мир.
    </body>
</document>