<?xml version='1.0' encoding='utf-8'?>
<document>
  <header>
    <textfile>Dana/Dana_FL_IM_2009-2010_Week_10_1_paragraph_definition_timed.txt</textfile>
    <lang>english</lang>
  </header>
    <body>
&lt;Student: Dana
Gender: F
Language background: FL
Level: IM
Year: 2009-2010
Course: Russian in the Major
Week: 10_1
Text type: paragraph
Function: definition
Time: timed (7 min)
Mode: individual&gt;

&lt;Кто такой идеальный студент?&gt;

Идеальный студент - это человек любознательный, который хочет учиться для себя, а не для других. То есть, <segment id='1' features='learner_errors;inflectional;suffix;infinitive' state='active'>хочеть</segment> улучшить себе, и не только <segment id='2' features='learner_errors;inflectional;suffix;infinitive' state='active'>получат</segment> работу, или только хочет <segment id='3' features='learner_errors;inflectional;suffix;infinitive' state='active'>жит</segment> на счёт родителей. 
    </body>
</document>