<?xml version='1.0' encoding='utf-8'?>
<document>
  <header>
    <textfile>Dana/Dana_FL_IM_2009-2010_Week_21_1_paragraph_definition_non-timed.txt</textfile>
    <lang>english</lang>
  </header>
    <body>
&lt;Student: Dana
Gender: F
Language background: FL
Level: IM
Year: 2009-2010
Course: Russian in the Major
Week: 21_1
Text type: paragraph
Function: definition
Time: non-timed 
Mode: individual&gt;

Русский в специальности

Протекционизм — политика защиты внутренного рынка от иностранной конкуренции через систему определённых ограничений.

&lt;“Если же Англия лет 50 фритредерствует в наше время, то нельзя забыть, что лет 200 в ней действовал усиленный протекционизм, начало которому положено навигационным актом (1651), что она и поныне превосходит другие страны промышленно-торговым развитием, выросшим на почве протекционизма.”
Д. И. Менделеев
“Путин указал, что входящие в ВТО развитые страны все чаще придерживаются политики протекционизма, против которого была призвана бороться ВТО.” По материялам Би-би-си&gt;

Я первый раз <segment id='1' features='learner_errors;derivational;affix;omission' state='active'>встретила</segment> с этим словом когда я был в <segment id='2' features='learner_errors;inflectional;flection;case_' state='active'>Санкт-Петербург</segment> в 2007-ом году. Везде люди обсуждали решение ВТО, что <segment id='3' features='learner_errors;inflectional;flection;case_' state='active'>Россие</segment> надо уменьшить протекционизм, чтобы участвовать в ВТО. Сейчас, в нашем мире является конфликт между ними, считающие протекционизм вредным, и другие которые верят, что протекционизм <segment id='4' features='learner_errors;inflectional;flection;person' state='active'>спасит</segment> <segment id='5' features='learner_errors;inflectional;flection;case_' state='active'>внутренную</segment> экономику <segment id='6' features='learner_errors;inflectional;flection;case_' state='active'><segment id='7' features='learner_errors;inflectional;flection;plural_' state='active' parent='6'>много</segment></segment> стран. Слово “протекционизм” больше всего употребляется в  экономических и политических <segment id='8' features='learner_errors;inflectional;flection;plural_' state='active'><segment id='9' features='learner_errors;inflectional;flection;case_' state='active' parent='8'>стати</segment></segment>, особенно когда сравнывают экономики разных стран.
    </body>
</document>