<?xml version='1.0' encoding='utf-8'?>
<document>
  <header>
    <textfile>Dana/Dana_FL_IM_2009-2010_Week_1_1_paragraph_supported opinion_timed.txt</textfile>
    <lang>english</lang>
  </header>
    <body>
&lt;Student: Dana
Gender: F
Language background: FL
Level: IM
Year: 2009-2010
Course: European Studies
Week: 1_1
Text type: paragraph 
Function: supported opinion
Time: timed (10 min)
Mode: individual&gt;

&lt;Россия - Европа или Азия, или что-то между? Что делает Россию Европой, и что отличает ее от остальной Европы?&gt;

Да, думаю что Россия является чатю <segment id='1' features='learner_errors;inflectional;flection;case_' state='active'>Европа</segment>, потому что она находится в Европе, или там часть есть. Далже, Россия взяла много от культуры <segment id='2' features='learner_errors;inflectional;flection;case_' state='active'>Европа</segment> - религию, исскуство, и т.д. Думаю что Россия считает себя <segment id='3' features='learner_errors;inflectional;flection;case_' state='active'>часть</segment> <segment id='4' features='learner_errors;inflectional;flection;case_' state='active'>Европа</segment>.
    </body>
</document>