<?xml version='1.0' encoding='utf-8'?>
<document>
  <header>
    <textfile>Dana/Dana_FL_IM_2009-2010_Week_16_2_paragraph_paraphrase_timed.txt</textfile>
    <lang>english</lang>
  </header>
    <body>
&lt;Student: Dana
Gender: F
Language background: FL
Level: IM
Year: 2009-2010
Course: American Studies
Week: 16_2
Text type: paragraph 
Function: paraphrase
Time: timed (7 min)
Mode: individual&gt;

&lt;Перефразируйте, т.е. своими словами расскажите, о чем одним из первых стал писать Робинсон.&gt;

Робинсон был первый, что писал о надломе, кризисе веры, утилитаризме этических принципов, и невозможности гармонии в <segment id='1' features='learner_errors;inflectional;flection;gender_' state='active'>современной</segment> времени, из-за меркантилизма и буржуаности.
    </body>
</document>