<?xml version='1.0' encoding='utf-8'?>
<document>
  <header>
    <textfile>Dana/Dana_FL_IM_2009-2010_Week_16_3_paragraph+_paraphrase_non-timed.txt</textfile>
    <lang>english</lang>
  </header>
    <body>
&lt;Student: Dana
Gender: F
Language background: FL
Level: IM
Year: 2009-2010
Course: Russian Literature
Week: 16_3
Text type: paragraph+
Function: paraphrase
Time: non-timed 
Mode: individual&gt;

Некрасов говорит, что в СССР были несколько <segment id='2' features='learner_errors;inflectional;flection;case_' state='active'>тип</segment> молодых, но он считает, что советская молодёжь не думает прежде всего о себе, как в Америке. Да, несколько из них переживают “культ личности”, но вообще, они верят, что у них есть долг перед их страной, и им надо работать, что платить его. Им важно чувствовать, что они принесут пользу стране. Если парень в СССР делает что-то только для себя, им стыдно. Но в США, он верит, у нас наоборот. Мы работаем больше всего для себя, и Некрасову, кажется, жалко.

Я более или менее согласна с Некровом. Я тоже заметила, что у нашей молодёжи нет чувства службы. В нашем культуре, все должны заботится о себе первом, а о других после этого (если хочется заботиться о других вообще). Я не знаю как молодёжь <segment id='1' features='learner_errors;inflectional;flection;person' state='active'>верят</segment> в современной России, но я знаю что много, которые молодые были во время этого очерка, действительно хотели <segment id='3' features='learner_errors;inflectional;suffix;infinitive' state='active'>служит</segment> своей родине в молодости.
    </body>
</document>