<?xml version='1.0' encoding='utf-8'?>
<document>
  <header>
    <textfile>Dana/Dana_FL_IM_2009-2010_Week_21_4_paragraph_expository_timed.txt</textfile>
    <lang>english</lang>
  </header>
    <body>
&lt;Student: Dana
Gender: F
Language background: FL
Level: IM
Year: 2009-2010
Course: European Studies
Week: 21_4
Text type: pargraph
Function: expository
Time: timed (5 min)
Mode: individual&gt;

&lt;Кем Вы себя ощущаете? Русским? Американцем? Европейцем? Украинцем? Из каких компонентов, по вашему, состоит Ваша национальная самоидентификация? Какую роль занимает язык в вашем самоощущении?&gt;

К сожалению, я скучная девушка. Я ощуцаю <segment id='1' features='learner_errors;inflectional;flection;case_' state='active'>себе</segment> американцем, потому, что мои родственники здесь уже жили три <segment id='2' features='learner_errors;inflectional;flection;plural_' state='active'>покалений</segment>, и несколько на долже. Я тоже считаю себя <segment id='3' features='learner_errors;derivational;compounding_error' state='active'>Орегонянке</segment>, потому что я и родители родились здесь, и мы участуем в культуре <segment id='4' features='learner_errors;inflectional;flection;case_' state='active'>Орегон</segment> - одываемся и говорим по <segment id='5' features='learner_errors;inflectional;flection;case_' state='active'>стилу</segment> Орегона. Это <segment id='7' features='learner_errors;inflectional;flection;gender_' state='active'>самый</segment> <segment id='6' features='learner_errors;inflectional;flection;gender_' state='active'>спесифичный</segment> определение но мне важно.
(и паук мне всё равно!)
    </body>
</document>