<?xml version='1.0' encoding='utf-8'?>
<document>
  <header>
    <textfile>Dana/Dana_FL_IM_2009-2010_Week_19_2_paragraph+_paraphrase_timed.txt</textfile>
    <lang>english</lang>
  </header>
    <body>
&lt;Student: Dana
Gender: F
Language background: FL
Level: IM
Year: 2009-2010
Course: Russian in the Major
Week: 19_2
Text type: paragraph+
Function: paraphrase
Time: timed (30 min)
Mode: individual&gt;

&lt;Изложение&gt;
Ученные считали, что человеку <segment id='1' features='learner_errors;inflectional;flection;plural_' state='active'>нужен</segment> в жизни только интеллектуальные способности, чтобы добиться успеха. Как думали, что другие личностные качества не влияли на жизнь.
Однако, сейчас уже считают, что <segment id='2' features='learner_errors;inflectional;flection;gender_' state='active'>большой</segment> <segment id='7' features='learner_errors;inflectional;flection;case_' state='active'>количество</segment> фактов и <segment id='8' features='learner_errors;inflectional;flection;case_' state='active'>огромный</segment> <segment id='9' features='learner_errors;inflectional;flection;case_' state='active'>объём</segment> <segment id='3' features='learner_errors;inflectional;flection;plural_' state='active'>знания</segment> не достаточные. Учёные пришли к выводо, что тоже неовходимо уметь чуствовать, и ошушать окружающие <segment id='5' features='learner_errors;inflectional;flection;plural_' state='active'>среди</segment>.
Но как развивать эти способности? Ответь, кажется, такой: через исскуство. <segment id='6' features='learner_errors;inflectional;flection;case_' state='active'>Человек</segment> только нужно уметь чувствовать, и, смотря на картину или читая красивые стихи, его эмоциональный интеллект. (развивается)
<segment id='11' features='learner_errors' state='active'>Так человек может жить более гармонично в нашем мире, и добиться</segment> успеха во <segment id='4' features='learner_errors;inflectional;flection;case_' state='active'>всякий</segment> <segment id='10' features='learner_errors;inflectional;flection;case_' state='active'>случай.</segment> 
    </body>
</document>