<?xml version='1.0' encoding='utf-8'?>
<document>
  <header>
    <textfile>Dana/Dana_FL_IM_2009-2010_Week_22_1_paragraph+_narration-non-timed.txt</textfile>
    <lang>english</lang>
  </header>
    <body>
&lt;Student: Dana
Gender: F
Language background: FL
Level: IM
Year: 2009-2010
Course: American Studies
Week: 22_1
Text type: paragraph+
Function: narration
Time: non-timed
Mode: individual&gt;

Российская эмиграция

Разные волны <segment id='1' features='learner_errors;inflectional;flection;case_' state='active'>российские</segment> <segment id='2' features='learner_errors;inflectional;flection;case_' state='active'>эмигранты</segment> отличались в том, что они все уехали из России в других временах, и по другим мотивам. Разделение групп необходимо, потому что группы сами разделялись, когда уехали. Причина для эмиграции - <segment id='3' features='learner_errors;inflectional;flection;gender_' state='active'>самая</segment> <segment id='4' features='learner_errors;inflectional;flection;gender_' state='active'>главная</segment> <segment id='5' features='learner_errors;inflectional;flection;plural_' state='active'>отличия</segment>, и от него почти все другие <segment id='6' features='learner_errors;inflectional;flection;plural_' state='active'>отличии</segment> зависят.
Первая волна, уезжая в 20-30 годах, избежали революции. Они были в большинстве &quot;буржуазные&quot;, кто не умели жить в России, и по умолчанию переехали в другие страны, особенно во Францию и в США.
Вторая волна и третья волна состояли из диссидентов, коллаборантов, и других, которым пришлось или эмигрировать, или сидеть в тюрьме (или хуже).
Четвёртая волна, в отличие от других, ничего не избежали. Они искали за границей болше возможности , заплата, работа и т.д. Иногда их называют &quot;колбасная&quot; волна.
Не смотря на разные ситуации, сходства между волнами есть. Согласно со стати, первые три группы сохранились, в каким-то образом, их &quot;русскость&quot;. То есть, строили общество, в котором сохранили их русские ценности и традиции, иногда за исключением культуры страны, в которой жили.
Я согласна с тем, что эмиграция всегда вынужденная. В каждой стране всегда существуют такие группы людей, которые не могут жит в этом обществе. Или им плохо там из-за политики или экономики, или сами группы государству неприятны, как во второй и третьей волнах эмиграции. В таком случай, абсолютно необходимо, что эти люди эмигрируют.
Все эмигранты, которых я знаю, в четвёртой волне. Они приехали здесь чтобы получить работу или образование, и несколько из них жили здесь только несколько лет, потом вернулись в Россию.
    </body>
</document>