<?xml version='1.0' encoding='utf-8'?>
<document>
  <header>
    <textfile>Dana/Dana_FL_IM_2009-2010_Week_11_1_paragraph+_summary_non-timed.txt</textfile>
    <lang>english</lang>
  </header>
    <body>
&lt;Student: Dana
Gender: F
Language background: FL
Level: IM
Year: 2009-2010
Course: European Studies
Week: 11_1
Text type: paragraph+ 
Function: summary
Time: non-timed 
Mode: individual&gt;

Статья Л. Мельника “Как питались русские крестьяне?” 

В статье, писатель объясняет что и как готовили крестьяне — то есть, какие продукты у них были, и как обычная еда различалась от праздничной. Согласно с <segment id='1' features='learner_errors;inflectional;flection;case_' state='active'>автора</segment>, крестьяне ели больше всего капусту, картофель, и чёрный хлеб, без длинной и сложной обработки. Главные блюда были щи, творог, вареный картофель, и хлеб.
В посты, ели тоже квашеную капусту, лук, редьку, и квас, и тоже интересное блюдо “мура” или “тюра” — смесь из хлебных сухарей, искрошенной картошки, лука и кваса, с добавлением хрена, растительного масла и соли. (Точный рецепт я искала, но не могла найти.)  Праздничная еда мало отличалась от обычной, но на большие праздники, ели мясо и купленную еду, если могли поехать в город.
Статья соответствует моей теме в том, что описывает одну из главных частей жизни обычного крестьянина, и даёт много важных фактов о <segment id='2' features='learner_errors;inflectional;flection;case_' state='active'>быти</segment> в этом периоде, и тоже объясняет причины для традицией и привычек.
    </body>
</document>