<?xml version='1.0' encoding='utf-8'?>
<document>
  <header>
    <textfile>Dana/Dana_FL_IM_2009-2010_Week_21_3_paragraph+_expository_non-timed.txt</textfile>
    <lang>english</lang>
  </header>
    <body>
&lt;Student: Dana
Gender: F
Language background: FL
Level: IM
Year: 2010-2011
Course: Russian Literature
Week: 21_3
Text type: paragraph+
Function: expository
Time: non-timed
Mode: individual&gt;

&lt;Лагерная проза - документ эпохи или литература не все времена?&gt;

Знак ценности, что через так много лет, ещё читают <segment id='1' features='learner_errors;inflectional;flection;case_' state='active'>литература</segment> из лагерей, в России и во всем мире. После репрессий, ужасы лагерей переживают в таких <segment id='2' features='learner_errors;inflectional;flection;plural_' state='active'><segment id='3' features='learner_errors;inflectional;flection;case_' state='active' parent='2'>повестей</segment></segment>, как , опубликован на многих языках и продан везде.  А зачем <segment id='4' features='learner_errors;inflectional;flection;case_' state='active'>людьми</segment>, совсем не <segment id='5' features='learner_errors;inflectional;flection;case_' state='active'>связанные</segment> с лагерями, читать такую литературу? Даже в России, такие лагеря как Соловки только существуют в воспоминаниях уже устаревших людей, и в книгах. Современный человек вряд-ли встретится с такой ситуацией, и поэтому знание лагерной жизни ему <segment id='6' features='learner_errors;inflectional;suffix;adverb_suffix' state='active'>практическо</segment> <segment id='7' features='learner_errors;inflectional;suffix;adverb_suffix' state='active'>непригодное</segment>.
Конечно, лагерная литература сохраняет исторические факты и опыт заключённых. Узнаем как пережили заключённые, при каких условиях, как работали власти и закон в России в <segment id='8' features='learner_errors;inflectional;flection;gender_' state='active'>этом</segment> <segment id='9' features='learner_errors;inflectional;flection;case_' state='active'>эпохи</segment>. Обязательно защищать эту информацию. но такие факты совсем не нужны <segment id='10' features='learner_errors;inflectional;flection;case_' state='active'>большинстве</segment> людей, кроме историков. То какая у нас причина читать лагерную литературу?
С одной стороны, много считают, что помнить <segment id='11' features='learner_errors;inflectional;flection;plural_' state='active'>лагери</segment> — наша должность. Если все забудут о лагерях и тех, которые жили и умерли в лагерях, то они совсем и навсегда <segment id='12' features='learner_errors;inflectional;suffix;infinitive' state='active'>уничтоженные</segment>. Даже, если забудем о ужасы прошлого, то ничего напоминает нас о возможности жестокости и зла. Без понимания лагерей, возможно что <segment id='13' features='learner_errors;inflectional;flection;gender_' state='active'>современной</segment> человек придумает опять <segment id='14' features='learner_errors;inflectional;flection;gender_' state='active'>такой</segment>-же место. Если <segment id='15' features='learner_errors;inflectional;flection;gender_' state='active'>общества</segment> не <segment id='16' features='learner_errors;inflectional;flection;gender_' state='active'>читали</segment> о жизни и условиях в <segment id='17' features='learner_errors;inflectional;flection;case_' state='active'>лагерей</segment>, никто увидит знаки <segment id='18' features='learner_errors;inflectional;flection;case_' state='active'>беда.</segment>
С другой стороны, есть что-то в лагерной прозе, который не найдём в других произведениях. Есть у них глубина <segment id='20' features='learner_errors;inflectional;flection;case_' state='active'>чувство</segment> и правдивость, редкие в нашем мире. Современные писатели могут представить себе, как человек думает и ведёт себя когда в сложной ситуации, но нет одного писателя, который может представить себе лагерную жизнь. Страдание такое раскрывает человеческие слабости, а тоже сила человеческая, которые невозможно видеть в других обстоятельствах.
Сейчас они, которые пережили, умирают. Их почти нет. Как же, без них, помнить внутренний, скрытый <segment id='19' features='learner_errors;derivational;affix;insertion' state='active'>ответь</segment> на вопрос: Кто мы? Ответь нашли в лагерях, и не найдём по-другому.
<segment id='21' features='learner_errors' state='active'>
</segment>    </body>
</document>