<?xml version='1.0' encoding='utf-8'?>
<document>
  <header>
    <textfile>Dana/Dana_FL_IM_2009-2010_Week_19_3_paragraph_expository_timed.txt</textfile>
    <lang>english</lang>
  </header>
    <body>
&lt;Student: Dana
Gender: F
Language background: FL
Level: IM
Year: 2009-2010
Course: Russian in the Major
Week: 19_3
Text type: paragraph
Function: expository
Time: timed (7 min)
Mode: individual&gt;

Творчество в нашем времени, мне кажется, смушенное и непостоянное дело. Типы литературы, давно <segment id='1' features='learner_errors;inflectional;flection;gender_' state='active'>устаревщий</segment>, сейчас модны - например, длинные, сюжетные стихи - и сейчас очень модно <segment id='2' features='learner_errors;inflectional;suffix;infinitive' state='active'>переписать</segment> классические романы и добавить что-тонового. <segment id='3' features='learner_errors;inflectional;flection;case_' state='active'>Вискусство</segment>, художники тоже стараются комбинировать новые и старые идеи.
    </body>
</document>