<?xml version='1.0' encoding='utf-8'?>
<document>
  <header>
    <textfile>Dana/Dana_FL_IM_2009-2010_Week_14_1_paragraph+_expository_non-timed.txt</textfile>
    <lang>english</lang>
  </header>
    <body>
&lt;Student: Dana
Gender: F
Language background: FL
Level: IM
Year: 2009-2010
Course: Russian Literature
Week: 14_1
Text type: paragraph+ 
Function: expository
Time: non-timed 
Mode: individual&gt;

Я люблю путешествовать, потому что во время путешествия я вижу не только новое место, а новый мир. <segment id='1' features='learner_errors;derivational;affix;spelling' state='active'>За границей</segment>, всё по-другому, даже архитектура и растения. (Когда в прилетела в Германию первый раз, самое странно мне было, что я не знала растения около аэропорта.) Я стараюсь узнать больше о быте в новых странах, и поговорить с обычными людьми, потому что их истории и мнения не бывают в <segment id='2' features='learner_errors;inflectional;flection;case_' state='active'>журналов</segment>. Путешествие мне возможность узнавать о других местах и культурах.
Мне было интересно, что Некрасов оказался отвечать на обычные вопросы об Америке, а только описывал, что он видел. Тоже показалось интересным, как строен был их путь — где запрещено было ехать, в каких городах они остановились. Я очень редко там была сама, и мне казалось, что я первый раз видела эти города через него глазами.
Кажется, что Ню-Йорк для Некрасова был создан из небоскрёбов; он долго <segment id='3' features='learner_errors;inflectional;suffix;tense' state='active'>говорить</segment> о архитектуре, как выглядели здания и какое чувство они дали ему. Например, он говорить о Эмапайрстейт-билдинге, о Бруклинском <segment id='4' features='learner_errors;inflectional;flection;case_' state='active'>мосты</segment> и о Крайслер-билдинге.
Некрасов говорит, что в <segment id='5' features='learner_errors;inflectional;flection;gender_' state='active'>этой</segment> бремени, когда он был в Америке, СССР и США не были “<segment id='6' features='learner_errors;inflectional;flection;case_' state='active'>закадычные</segment> <segment id='7' features='learner_errors;inflectional;flection;case_' state='active'>друзей</segment>”, и точнее что они были <segment id='8' features='learner_errors;inflectional;flection;case_' state='active'>противники</segment>. Очевидно, что они не в стране, где всё <segment id='9' features='learner_errors;derivational;affix;omission' state='active'>безопасен</segment> и <segment id='10' features='learner_errors;derivational;affix;omission' state='active'>удобен</segment> — они должны ехать только по расписанию, только в несколько городов и только с гидом. 
    </body>
</document>