<?xml version='1.0' encoding='utf-8'?>
<document>
  <header>
    <textfile>Lana/Lana_HL_IM_2008-2009_Week_1_1_paragraph_expository_non-timed.txt</textfile>
    <lang>russian</lang>
  </header>
    <body>
&lt;Student: Lana
Gender: F
Language background: HL
Level: IM
Year: 2008-2009
Course: On Democracy
Week: 1_1
Text type: paragraph
Function: expository
Time: non-timed
Mode: individual&gt;

Во-первых я щитаю что Примо Леви очень необычный человек. Его изучение науки химии очень проиявляет себя в его творческих работах. Он чомкий, и у него очень химический подход к писанию романов и как он иследует то что произошло с ним в жизни. Во-вторых читая его книгу &quot;Человек ли ето?&quot; Я очень потресена проишедствиями его жизни. Когда он рассказывает про свою жизнь в лагере, можно сразу определить что он сильный и умный человек поэтому у него хвотило силы прожить через все его мучения.
    </body>
</document>