<?xml version='1.0' encoding='utf-8'?>
<document>
  <header>
    <textfile>Lana/Lana_HL_IM_2008-2009_Week_8_1_paragraph_expository_non-timed.txt</textfile>
    <lang>russian</lang>
  </header>
    <body>
&lt;Student: Lana
Gender: F
Language background: HL
Level: IM
Year: 2008-2009
Course: FRINQ
Week: 8_1
Text type: paragraph
Function: expository
Time: non-timed
Mode: individual&gt;

Встреча С Удивительным Человеком

Когда моя семья перешла в нашу старую церковь было много новых людей и не знакомых лиц в <segment id='1' features='learner_errors;inflectional;flection;case_' state='active'>собрание</segment>. Я до сех пор не могу представить что за всего лиш не сколько лем многое можем поминятся. Я заметила молодого мужчину который сидел <segment id='2' features='learner_errors;derivational;affix;omission' state='active'>зади</segment> в углу и смотрел вниз на свои пыльные туфли. Мне <segment id='4' features='learner_errors;inflectional;flection;person' state='active'>было</segment> очень <segment id='3' features='learner_errors;derivational;affix;substitution' state='active'>инмересны</segment> причины почему он <segment id='5' features='learner_errors;derivational;affix;substitution' state='active'>смотпел</segment> в низ и так глубоко о чеём-то думал. Прошло многое <segment id='6' features='learner_errors;inflectional;flection;case_' state='active'>время</segment> перед тем как его сестра меня с ним познакомила. Он был и есть очень удивительный человек о том что он о всём очень глубоко думаем. Он стал моим близким другом и моя жизнь <segment id='7' features='learner_errors;derivational;affix' state='active'>не когда</segment> не становится <segment id='8' features='learner_errors;inflectional;suffix;adverb_suffix' state='active'>скучноя</segment> с ним.
    </body>
</document>