<?xml version='1.0' encoding='utf-8'?>
<document>
  <header>
    <textfile>Lana/Lana_HL_IM_2008-2009_Week_5_4_paragraph_expository_timed.txt</textfile>
    <lang>russian</lang>
  </header>
    <body>
&lt;Student: Lana
Gender: F
Language background: HL
Level: IM
Year: 2008–2009
Course: SINQ
Week: 5_1
Text type: paragraph
Function: expository
Time: timed (7 min)
Mode: individual&gt;

Когда человек погружает себя в новое место, он испытывает много новых изменений в своём понимании мира у окружающих его. Например если человек поподает в новую строну его ум и тело должны привыкнуть к новому месту, <segment id='1' features='learner_errors;inflectional;flection;case_' state='active'>времени</segment> и еды. Когда человек общается с новыми людьми в новом месте он обнаруживает что люди очень разные от места до места. Человек также испытывает шок и другие нервные испытания каторые приносять с собой когда кто либо попадает в новую страну или какое либо новое место.
    </body>
</document>