<?xml version='1.0' encoding='utf-8'?>
<document>
  <header>
    <textfile>Lana/Lana_HL_IM_2008-2009_Week_7_3_paragraph_paraphrase_non-timed.txt</textfile>
    <lang>russian</lang>
  </header>
    <body>
&lt;Student: Lana
Gender: F
Language background: HL
Level: IM
Year: 2008-2009
Course: FRINQ
Week: 7_1
Text type: paragraph
Function: paraphrase
Time: non-timed
Mode: individual&gt;

В рассказе Игнацио Силоне &quot;Встреча с Удевительным Священиком&quot; автор описывает молодого священика который <segment id='1' features='learner_errors;derivational;affix;spelling' state='active'>зделал</segment> какойто <segment id='2' features='learner_errors;derivational;affix;spelling' state='active'>не хороший</segment> поступокю. Директор колегиума решает что этот молодой человек должэн перейти в <segment id='3' features='learner_errors;inflectional;flection;gender_' state='active'>другую</segment> <segment id='4' features='learner_errors;inflectional;flection;case_' state='active'>колегиуму</segment>. Этот молодой человек нарушил правило и ушол из своего колегиума без проса, такое поведение не <segment id='5' features='learner_errors;derivational;affix;spelling' state='active'>пренемалось</segment> и было очень наказано. После письма к бабушке молодой человек во второй раз слышит об этом <segment id='6' features='learner_errors;derivational;affix;spelling' state='active'><segment id='7' features='learner_errors;inflectional;flection;case_' state='active' parent='6'>не обычным</segment></segment> священике дон Орэуль. Дон Орэуль принимает молодого законо нарушителя к себе в колегиум. При этом молодой человек вспоминает когда он <segment id='8' features='learner_errors;inflectional;suffix;adverb_suffix' state='active'>впкрвых</segment> увидел донна Орэуля. Этот священик очень не обычный человек и он сильно повлеял на этого молодого человека каторый наверняка является <segment id='9' features='learner_errors;derivational;affix;substitution' state='active'>автоолм</segment> Игнацио Силоне.
    </body>
</document>