<?xml version='1.0' encoding='utf-8'?>
<document>
  <header>
    <textfile>Lana/Lana_HL_IM_2008-2009_Week_11_1_sentences_expository_timed.txt</textfile>
    <lang>russian</lang>
  </header>
    <body>
&lt;Student: Lana
Gender: F
Language background: HL
Level: IM
Year: 2008–2009
Course: SINQ
Week: 11_1
Text type: sentences
Function: expository
Time: timed (7 min)
Mode: individual&gt;

Интересная тема я думаю что вы сможете найти много текстов по этой теме. Я думаю что многие лингвисты задают этот вопрос. &quot;Как метафоры меняются в языке с временем?&quot;

Отказники, Евреи.
60, 70, 80 года
Интересно будет читать пто етих людеи и их страдания.
Я щитаю что на эту тему есть много гниг.

Комсомол.
Как ибреватура поминялось с временем.
Это интересноя тема я думаю что вы найдёте много.
обривиатура.

Приимущество Грудного Молока почему это лудше для дитей
Очень не обычная тема :)
Я думаю что со временем чтения книг об этой теме вы многого узнаете.

иследние Владимир Хлебникого
русские символисты
Интересная тема!
Я думаю что тема неологизма будит очень интерестно иследовать.

Лучевая Теропея.
медицинский жаргон
По этому придмету вы найдёте много информации, интерестноя но я думаю что это сложный предмет понять.    </body>
</document>