<?xml version='1.0' encoding='utf-8'?>
<document>
  <header>
    <textfile>Lana/Lana_HL_IM_2008-2009_Week_6_4_paragraph_summary_non-timed.txt</textfile>
    <lang>russian</lang>
  </header>
    <body>
&lt;Student: Lana
Gender: F
Language background: HL
Level: IM
Year: 2008-2009
Course: SINQ
Week: 6_1
Text type: paragraph
Function: summary
Time: non-timed
Mode: individual&gt;

В рассказе Джордж Оруэлла война в Испании была политической войной. Орыэлл квалифицировал себя как &quot;солдат реболюционой армии каторый защищает демократию от фашистов&quot;. Испанскоя война была плохо вооруженой и солдаты больше ждали в конавах на фронте чем убивали друг друга. Чтобы объяснить моральных дух каторый существовал во время Испанской войне Оруэлл рассказывает историю про молодого солдата катопого он обвенил в краже его сигарет. Он мерится с солдатом и сторается <segment id='1' features='learner_errors;derivational;affix;spelling' state='active'>викупить</segment> его отношение с ним. Это <segment id='2' features='learner_errors;inflectional;flection;person' state='active'>показиваем</segment> дух етого впемени потомы что каждий невиновный мог быть обвенёным в любом подходящем к ситуации деле тожно так же как и этот молодой мужчина.
    </body>
</document>