<?xml version='1.0' encoding='utf-8'?>
<document>
  <header>
    <textfile>Lana/Lana_HL_IM_2008-2009_Week_3_1_sentences_definition_timed.txt</textfile>
    <lang>russian</lang>
  </header>
    <body>
&lt;Student: Lana
Gender: F
Language background: HL
Level: IM
Year: 2008–2009
Course: European Studies
Week: 3_1
Text type: sentences
Function: definition
Time: timed (7 min)
Mode: individual&gt;

бюрократия: это политическое событие когда во <segment id='1' features='learner_errors;inflectional;flection;gender_' state='active'>власте</segment> становится одна группа людей <segment id='2' features='learner_errors;inflectional;flection;gender_' state='active'>которые</segment> <segment id='3' features='learner_errors;inflectional;flection;plural_' state='active'>издают</segment> свои правела которые хороши для одной групы людей а не для другой. Это событие происходит когда извержиным людям даётся власть.
    </body>
</document>