<?xml version='1.0' encoding='utf-8'?>
<document>
  <header>
    <textfile>Lana/Lana_HL_IM_2008-2009_Week_6_1_paragraph_description_timed.txt</textfile>
    <lang>russian</lang>
  </header>
    <body>
&lt;Student: Lana
Gender: F
Language background: HL
Level: IM
Year: 2008–2009
Course: SINQ
Week: 6_1
Text type: paragraph
Function: description
Time: timed (7 min)
Mode: individual&gt;

Смотря на картину я вижу двух людей каторые может быть принадлежали к буржвази. Пожелой мужчина сидит на раскошном диване в шолковом костюме, его окружают двенадцать кошек и он одну кормит из блюдца, так как он разговаривает с молодой девушкой каторая в шолковом жолтом платье, молоко льётся на него. Комната в разковардаше, везде лежат письма даже на полу. Молодая девушка <segment id='1' features='learner_errors;inflectional;flection;person;derivational' state='active'>смотрится</segment> что она уговаривает мужчину кудато собиратся а он с улыбкой на лице не куда не таропится.
    </body>
</document>