<?xml version='1.0' encoding='utf-8'?>
<document>
  <header>
    <textfile>Olga/Olga_HL_IM_2008-2009_Week_6_1_paragraph_compare&amp;contrast_timed.txt</textfile>
    <lang>russian</lang>
  </header>
    <body>
&lt;Student: Olga
Gender: F
Language background: HL
Level: IM
Year: 2008–2009
Course: Power and Imagination
Week: 6_1
Text type: paragraph
Function: compare &amp; contrast
Time: timed (10 min)
Mode: individual&gt;

&lt;В чем разница между свободным и принудительным трудом?&gt;
Свободный труд/Пренудительный труд.
Я думаю что самая большая разница между сводобным и <segment id='1' features='learner_errors;derivational;affix;spelling' state='active'>пре</segment>нудительным трудом это то, что сво<segment id='2' features='learner_errors;derivational;affix;transposition' state='active'>доб</segment>ный труд делается согласно доброй <segment id='3' features='learner_errors;inflectional;flection;case_' state='active'>воли</segment> человека, соответсвенно он выполняется лучше. Принудительный труд это против человеческой воли и он выполняется не всегда добросовестно.
    </body>
</document>