<?xml version='1.0' encoding='utf-8'?>
<document>
  <header>
    <textfile>Olga/Olga_HL_IM_2008-2009_Week_14_1_paragraph_summary_non-timed.txt</textfile>
    <lang>russian</lang>
  </header>
    <body>
&lt;Student: Olga
Gender: F
Language background: HL
Level: IM
Year: 2008–2009
Course: Power and Imagination
Week: 14_1
Text type: paragraph
Function: summary
Time: non-timed
Mode: individual&gt;

&lt;Author&gt; Дж. - М.Кутзее
&lt;Title&gt; В ожидании варваров.
&lt;Pages or Chapter&gt; Глава 1
&lt;Brief summary and your impressions&gt;
Полковник Джо носит солнечные очки. Солдаты сидят и разговаривают о разных поездках и о военных отделах. Приносят солдатов, они все побиты и очень грязные. Автор относится к ним очень даже доброжелательно. Джо задает им вопросы и потом говорит как можно определить говорит ли правду или врет человек по его тональности голоса.
Автор спрашивает у них были ли они кормлены и кто их побил. Так же он отдает приказ вынести грязный труп из сарая и накормить маленького мальчика. 
Так же ходят слухи что варвары хотят объединиться и напасть на их народ. Участились угоны скота и пропало несколько чиновников.
Автор выходит на площадь и видит того самого мальчика лежащего на площади в крови. Он приказывает отвезти его к лекарю.
Автор мне кажется очень добрым человеком. Он обращается с варварским народом по-доброму. Полковник Джо явно очень бесчувственный и не думает о варварах как о людях.
    </body>
</document>