<?xml version='1.0' encoding='utf-8'?>
<document>
  <header>
    <textfile>Olga/Olga_HL_IM_2008-2009_Week_1_2_paragraph+_expository_non-timed.txt</textfile>
    <lang>russian</lang>
  </header>
    <body>
&lt;Student: Olga
Gender: F
Language background: HL
Level: IM
Year: 2008–2009
Course: Power and Imagination
Week: 1_2
Text type: paragraph+
Function: expository
Time: non-timed
Mode: individual&gt;

Автобиография об образовании.
Меня зовут &lt;name&gt;. Я родилась в России. Я проучилась в Российской школе девять лет. Я учила английский язык с первого класса, и немецкий с пятого. Когда я училась в пятом классе я поступила в художественную школу. Я проучилась в художественной школе четыре года и получила диплом об окончании государственной детской художественной школы. Потом я переехала в Америку. Американская школа очень отличается от российской, особенно тем что в американской школе можно выбирать предметы. И я начала изучать испанский на протяжении двух лет. Я закончила школу в Америке, проучившись там около двух лет. Я закончила школу достаточно хорошо, несмотря на то что у меня были некоторые проблемы с английским языком.
После школы я поступила в колледж. Я всегда знала, что я хочу получить высшеее образование, но я была не уверена где. Я поступила в Портландский Колледж потому что, во-первых, этот колледж не так далеко от дома, и во-вторых, моя подруга тоже собиралась в этот университет и мы решили житьм вместе. 
Изначально я решила выбрать психологию для моей специальности, но последнее время меня мучают сомнения. Я хочу изменить мое направление, но я пока не уверена на какое.
    </body>
</document>