<?xml version='1.0' encoding='utf-8'?>
<document>
  <header>
    <textfile>Olga/Olga_HL_IM_2008-2009_Week_13_4_paragraph_summary_non-timed.txt</textfile>
    <lang>russian</lang>
  </header>
    <body>
&lt;Student: Olga
Gender: F
Language background: HL
Level: IM
Year: 2008–2009
Course: Power and Imagination
Week: 13_4
Text type: paragraph
Function: summary
Time: non-timed
Mode: individual&gt;

&lt;Author&gt; Ино Пресса
&lt;Title&gt; Что высвечивает жаркий газовый спор
&lt;Brief summary and your impressions&gt;
Эта статья о газовом конфликте между Россией и Украиной. Обе страны подписали соглашение с Европейским союзом о размещении независимых наблюдателей на объектах газопровода. Но кража газа все же продолжается. Россия возлагает вину на Украину. Но в то же время Украине этот конфликт выгоден. Жаркая стычка из-за газа, возможно, осветит путь к последовательной энергетической программе ЕС. Но украино-российские отношения к коммерции не сводятся: они еще и политические, личные, геостратегические и крайне непрозрачные.
    </body>
</document>