<?xml version='1.0' encoding='utf-8'?>
<document>
  <header>
    <textfile>Olga/Olga_HL_IM_2008-2009_Week_13_2_paragraph_paraphrase_non-timed.txt</textfile>
    <lang>russian</lang>
  </header>
    <body>
&lt;Student: Olga
Gender: F
Language background: HL
Level: IM
Year: 2008–2009
Course: Power and Imagination
Week: 13_2
Text type: paragraph
Function: paraphrase
Time: non-timed
Mode: individual&gt;

&lt;Перескажите и прокомментируйте текст&gt;
Паша, которому сейчас двадцать три года, рассказывает о том как однажды он встретил девушку и влюбился в нее с первого взгляда. по началу он разговаривал с ней через интернет и иногда они проводили ночи напролет сидя за компьютером и болтая через аську. потом он пригласил ее на свидание в кино и они начали встречаться. но через некоторое время паша понял, что Даша совсем не такая, какой он себе ее представлял. Даша совершенно не интересовалась учебой или работай, никуда не ходила, и большинство своего свободного времени проводила за компьютером, описав разные блоги на всевозможных сайтах. Паша пытался объяснить Даше что учеба должна быть на первом месте. но Даша только обижалась не его комментарии и пропадала на несколько дней, не отвечая на смски, звонки и т.п. паша понял что нужно расстаться. он увидел ее через несколько месяцев и они решил попробывать начать все сначала. Даша переехала к Паше, и паша заметил, что Даша совершенно не изменил, проводила дни за компьютером. и реальная жизнь ее как будто не интересовала. потом Паша решил поехать в Европу, думал что может это отвлечет Дашу от виртуальной жизни. но когда они вернулись с каникул у Даша появилось новое хобби-компьютерные игры. она тратила все деньги на то чтобы купит какие-нибудь новые супер силы для ее виртуальных героев. когда паша уходил на работу она сидела за компьютером, когда приходил с работы, у него было такое чувство что она и с места не сдвинулась. в доме был бардак, Паша делал всю работу, стирал, гладил, готовил, убирал. Паша понял что это уже не в его силах что-то сделать и он решил расстаться с Дашей окончательно. когда он сказал ей об этом оно просто согласилась и продолжила говорить о какой-то новой компьютерной игре. время прошло и паша встретил новую девушку, умную, красивую, которая жила в реальном мире, у нее даже компьютера дома не было. а Даша. так и не изменилась, Паша замечал. что она все время в онлайте, и ее блоги выложенные онлайн с разницей в два часа.
мне кажется в наше время это совсем не удивительно как некоторые люди теряют чувство реальности. даже я сама замечаю за собой как я завишу от своего телефона или компьютера и как мне было бы тяжело без того или другого.
    </body>
</document>