<?xml version='1.0' encoding='utf-8'?>
<document>
  <header>
    <textfile>Olga/Olga_HL_IM_2008-2009_Week_22_3_paragraph+_research paper_non-timed.txt</textfile>
    <lang>russian</lang>
  </header>
    <body>
&lt;Student: Olga
Gender: F
Language background: HL
Level: IM
Year: 2008–2009
Course: Power and Imagination
Week: 22_3
Text type: paragraph+
Function: research paper (draft 3)
Time: non-timed
Mode: individual&gt;

В 1997 году фригат Лондон столкнулся с еще одной загадкой Бермудского Треугольника. Пилот увидел какой-то крошечный объект на экране радара. Обычно это бывает какя-нибудь рыбацкая лодка, но на этот раз эта была небольшое судно. Все паруса были свернуты и судно не шевелилось. С фригата спустили шлюпку, на палубе никого не было. Из судового журнала узнали что яхта Руфь принадлезала супружеской паре из Германии, последняя запись была сделана в июле 1996 года. Капитан решил отравить судно в Пуэрто-Рико и поручил это Сьюзэн одной из членов команды. Руфь была приготовлена к долгому плаванию. В первый день все шло хорошо, за ден Руфь прошла около ста миль, но на вторую ночь начались проблемы. Электроенергия убывала, ничего не работало, система бавигации вышла из строя. Что бы попасть в порт в Пуэрто-рико им нужно было пройти через бермудский треугольник. Руфь нашли где-то в дермудах, пуэрто-рико и майами. Тем не менее им удалось доставить Руф в порт Пуэрто-рико благодаря интуиции капитана. О владельцах яхты Руфь так и не удалось ничего узнать. Фильм треугольник дьявола рассказывает о самая загадочная тайна бермудского треугольника. Это пропажа отряда 19. Бес следа исчезли пять самолетов, целый воздушный флот. Первое необычное сообщение было то, что лейтенант Тэйлор попросил отказаться от командивания перед полетом, и даже не хотел лететь. Он так и не объяснил почему он не хотел лететь. Его просьбу отклонили. Он был великолепным пилотом, хотя данную местность он знал не очень хорошо. Рейс 19 был военной мисией. Летели для бомбардировачной тренировки.. Вылетели из порта во Флориде и должны были пролететь над антлантическом океаном и затем вернуться в исходную точку. Но в какой-то момент они сбились с пути. Из-за ветра они отклонились от пути и что отклонение сыграло очень большую роль. Тэйлор сообщил что они сбились с пути. Тэйлор все время менял направление, что говорило о том что он сбился с пути. Следущее его сообщение было о том что их компасы сломаны. Тэйлор был уверен что он над мексиканским заливом. Он не знал как они так оказались. Потом связь с пилотами прервалась. В центре связи пытались определить где же находятся самолеты. К 6 часам они наконец-то определили что самолёты находятся на север от Багамов. Но с самолётами связаться уже было невозможно. Тогда они решили отправить два гидроплана на их поиски. Что сделало эту историю еще более загадочной. один из гидропланом бесследно пропал. Организовали целуя группу по поискам, но ни самолетов ни гидропланов так и не нашли. В ту ночь погибло, и бесследно пропало 27 молодых людей. Много теорий и догадок по этому поводу. Реальность ли это или выдумка? Известно одно то, что Бермудский Треугольник существует, и происходиттам что-то неладное, из-за чего пропадают корабли, самолеты, люди.
Даже в наши дни все еще происходит что-то необычное в области бермудского треугольника. Совсем недавно, певица Слава летела через бермудский треугольник. На пути на Кубу их предупредили, что возможно будет небольшая тряска, но умолчали что это район бермудского треугольника. Слава знала что летять они над Бермудским треугольником, но старалась не паниковать. Когда их трясло минуту, она было спокойно, но когда тряска была уже около пятнадцати минут, Слава начала паниковат. Она рассказывает что все что с ней происходило, было как будто не с ней. Ей было безумно страшно. И когда все закончилось она была безумно счастлива.
Этот случай доказывает что атмосфера в области Бермудского Треугольника явно отличается и происходит там что-то неладное.    </body>
</document>