<?xml version='1.0' encoding='utf-8'?>
<document>
  <header>
    <textfile>Olga/Olga_HL_IM_2008-2009_Week_15_2_paragraph_summary_non-timed.txt</textfile>
    <lang>russian</lang>
  </header>
    <body>
&lt;Student: Olga
Gender: F
Language background: HL
Level: IM
Year: 2008–2009
Course: Power and Imagination
Week: 15_2
Text type: paragraph
Function: summary
Time: non-timed
Mode: individual&gt;

&lt;Author&gt; Рита
&lt;Title&gt; &quot;Взаперти&quot;
&lt;Brief summary and your impressions&gt;
Это история о девочке, которая переехала из маленького города в Москву. До 12 лет она жила в маленьком городе Сморгонь и отношения у нее с родителями были очень хорошие, но после того как они переехали все изменилось. Во-пербых ей было очень тяжело в школе находить новых друзей, потому что она была совсем другой, одевалась иначе и т.п. потом она наконец-то нашла подружку, но её родители совершенно её не одобрили и запрещали ей проводить с ней время. Ситуация становилась хуже и хуже. Рита начала также увлекаться поэзией и театром но родители её совершенно не понимали и думали что она в какой-то секте. Дошло до того, что они запирали её дома на неделю, а то и больше. После того как Рита просидела дома три недели не выходя на улицу, у нее появилась фобия. Ей больше не хотелось выходить на улицу, ей было страшно. У Ритиной тети в свое время тоже были строгие родители и она понимала кагого Рите. Она приехала за ней и забрала её из Москвы, отвела её к врачам и Рита начала приходить в порядок. У нее был диагноз &quot;синдром заложника&quot;. Как сказали врачи позже её родители тоже переживали своего рода, так как они переехали из маленького города им было также страшно в Москве, но я считаю что это совсем не повод чтобы срываться на ребенке. Тем более что Рите было все 16 лет, в таком возрасте очень легко поддаться стрессу и повредить нервную систему.
    </body>
</document>