<?xml version='1.0' encoding='utf-8'?>
<document>
  <header>
    <textfile>Olga/Olga_HL_IM_2008-2009_Week_21_1_paragraph_expository_non-timed.txt</textfile>
    <lang>russian</lang>
  </header>
    <body>
&lt;Student: Olga
Gender: F
Language background: HL
Level: IM
Year: 2008–2009
Course: Power and Imagination
Week: 21_1
Text type: paragraph
Function: expository
Time: non-timed
Mode: individual&gt;

&lt;Сказка&gt;
Далеко-далеко за зелёными лесами, за высокими горами жил да был старик. Жил он один одинешек в своей старенькой избенке. Единственная радость в жизни его была его кобылка, да и та совсем уж старая, еле-еле ходит. Дни его были однообразны и рутина его тяготила все больше и больше с каждым днём. Однажды утром проснулся старик и решил, что этот день будет другим. Начал он с того что проснулся он ни как обычно с утра спозаранку, а в полдень, кобылка его разбудила, копытами в дверь начала стучать от голоду, мол, просыпайся, старик, голодная я. Так вот проснулся старик, накормил кобылку свою, и задумался, чем же ему сегодня заняться. Думал он думал и решил пойти в лес по грибы. Ох, давненько по грибы то он не ходил. Сколь ж лет прошло с тех дней когда он бегал по лесу по грибы да по ягоды. Так вот пошел он в лес, в самую глубь леса пошел. Шел он долго, так красиво в лесу было, что старик про грибы то и совсем забыл. Шел он по тропинке, поэтому заблудиться не боялся, но уже темнеть стало, а лесу все конца нет. И тут вдалеке увидел он домик, такая маленькая избушка стоит посреди леса. Из трубы дымок идет, значит в домике есть кто-то. Старик обрадовался и ускорил шаг. Старик подошел к домику, заглянул в окошко и увидел там старушку, сидящую в креслице с клубком ниток. Старик постучал в дверь. Старушка очень удивилась, так как также как и старик жила она одна и никого в округе не знала и не видела. Она пригласила старичка на чай и они проговорили целый вечер. Когда старик вернулся домой, лежа в кровати он подумал как же хорошо что он встретил старушку, надо почаще выбираться из дому.
    </body>
</document>