<?xml version='1.0' encoding='utf-8'?>
<document>
  <header>
    <textfile>Olga/Olga_HL_IM_2008-2009_Week_14_2_paragraph+_argumentation_non-timed.txt</textfile>
    <lang>russian</lang>
  </header>
    <body>
&lt;Student: Olga
Gender: F
Language background: HL
Level: IM
Year: 2008–2009
Course: Power and Imagination
Week: 14_2
Text type: paragraph+
Function: argumentation
Time: non-timed
Mode: individual&gt;

Пропаганда.
Я считаю, что пропаганда всегда была, есть и будет. Реклама по телевизору, та же пропаганда. Пропаганда еды, шампуней, бытовой техники и т.д. и т.п. Всегда ли это плохо? Я думаю, нет. Все больше и больше новых вещей появляется с каждым днем и без рекламы, пропаганды, людям не так легко было бы узнать обо всех этих новшествах.
Пропаганда национализма так же может быть хорошей или плохой. Национализм стремится к защите интересов национальной общности в отношениях с государственной властью. Я думаю, что пропаганда национализма может привести к двум разным формам национализма. Первая, патриотизм. Я думаю это хорошая форма национализма. Люди должны быть патриотами, любить свою страну. Вторая, расизм. Я очень не люблю расистов и расизм, в общем. Мне кажется, что мы живем на планете, где миллионы разных национальностей, и никто не имеем права говорить, что какая-то национальность хуже, а какая-то лучше. Все национальности разные и хороши по-своему.
    </body>
</document>