<?xml version='1.0' encoding='utf-8'?>
<document>
  <header>
    <textfile>Olga/Olga_HL_IM_2008-2009_Week_5_1_paragraph_argumentation_non-timed.txt</textfile>
    <lang>russian</lang>
  </header>
    <body>
&lt;Student: Olga
Gender: F
Language background: HL
Level: IM
Year: 2008–2009
Course: Power and Imagination
Week: 5_1
Text type: paragraph
Function: argumentation
Time: non-timed
Mode: individual&gt;

Здравствуйте, &lt;Name&gt;!
Я не совсем согласна с вами по поводу того что в россии людям все равно кто выиграет на выборах. Я думаю что россияне, все таки, интересуются выборами в Америке, потому что результаты могут повлият как на Амеруку, так и на Россию.
Так же я читала о том что Россияне настроены более позитивно в сторону Обамы, потому что Маккейн настроен против России. И если он победит на выборах то есть вероятность того что начнется вторая холодня война.
Я уверена что сколько людей столько и мнений. И сколько бы статей я не читала почти в каждой написано разное мнение и разные точки зрения.
    </body>
</document>