<?xml version='1.0' encoding='utf-8'?>
<document>
  <header>
    <textfile>Olga/Olga_HL_IM_2008-2009_Week_19_1_paragraph+_expository_non-timed.txt</textfile>
    <lang>russian</lang>
  </header>
    <body>
&lt;Student: Olga
Gender: F
Language background: HL
Level: IM
Year: 2008–2009
Course: Power and Imagination
Week: 19_1
Text type: paragraph+
Function: expository
Time: non-timed
Mode: individual&gt;

Если бы я была лидером экологического клуба я бы устроила акцию по выращиванию растений на территории университета. Я бы везде посадила клумбы с цветами. Самыми разными. Розы, тюльпаны, пионы, и так далее. Особенно на территории Парка, где много лавочек, и где студенты и профессора частенько едят ланч. Весной все цветет и пахнет, и цветы были бы очень кстати на территории университета.
Так как я в Портландском Университете первый год, я еще не видела здесь цветущих клумб весной, и не могу сказать есть ли они здесь или нет. Я думаю что всем на территории университета было бы приятно идти из класса в класс по территории окруженной цветами. Так же вокруг клумб всегда много бабочек и мне кажется, что это очень красиво и поднимает всегда всем настроение. 
Я думаю, что студенты были бы заинтересованы в выращивании цветов и в помощи поддержания красоты нашего лагеря.
    </body>
</document>