<?xml version='1.0' encoding='utf-8'?>
<document>
  <header>
    <textfile>Olga/Olga_HL_IM_2008-2009_Week_9_1_paragrap_compare&amp;contrast_timed.txt</textfile>
    <lang>russian</lang>
  </header>
    <body>
&lt;Student: Olga
Gender: F
Language background: HL
Level: IM
Year: 2008–2009
Course: Power and Imagination
Week: 9_1
Text type: paragraph
Function: compare &amp; contrast
Time: timed (10 min)
Mode: individual&gt;

&lt;Существует ли разница между женщиной и мужчиной в политике?&gt;
Женщины и мужчины в политике.
Я думаю что разница есть. Но не потому что женщина не способна управлять, а просто потому что это работа мужская. Мужчина глава в семье, в доме. Так же и в стране. Я думаю что женщина бы справилась с этой работой не чуть не хуже, но все-таки управлять страной это мужская работа.
    </body>
</document>