<?xml version='1.0' encoding='utf-8'?>
<document>
  <header>
    <textfile>Olga/Olga_HL_IM_2008-2009_Week_13_3_paragraph_expository_non-timed.txt</textfile>
    <lang>russian</lang>
  </header>
    <body>
&lt;Student: Olga
Gender: F
Language background: HL
Level: IM
Year: 2008–2009
Course: Power and Imagination
Week: 13_3
Text type: paragraph
Function: expository
Time: non-timed
Mode: individual&gt;

Я считаю, что я обладаю какой либо властью, хотя бы над самим собой. У меня есть свобода выбора, даже сейчас в колледже у меня есть свобода выбора моей будущей профессии. Я думаю, что у каждого человека есть свобода выбора, что и есть в какой-то степени власть, даже над родителями, ребенок может заплакать и выпросить игрушку. Так же как и в школе, какие-то дети имеют власть над другими детьми, конечно, это не всегда хорошо, но, тем не менее, это так.
    </body>
</document>