<?xml version='1.0' encoding='utf-8'?>
<document>
  <header>
    <textfile>Olga/Olga_HL_IM_2008-2009_Week_15_1_paragraph_summary_non-timed.txt</textfile>
    <lang>russian</lang>
  </header>
    <body>
&lt;Student: Olga
Gender: F
Language background: HL
Level: IM
Year: 2008–2009
Course: Power and Imagination
Week: 15_1
Text type: paragraph
Function: summary
Time: non-timed
Mode: individual&gt;

&lt;Author&gt; 
&lt;Title&gt; Индейцы пришли в Америку из Сибири.
&lt;Brief summary and your impressions&gt;
Эта статья о происхождении индейцев. Ученые проводили опыты с ДНК анализами и выяснилось что наибольший процент сходства в ДНК оказался у алтайцев с индейцами. Это пробудило ученых начать изучать сибирские народы еще больше. Ученые нашли сходства между ДНК индейцев и азиатов до 72%. 
Мне было очень интересно читать эту статью, потому что я как-то никогда не задумывалась о том откуда пришли индейцы. Я думаю что это очень интересно насколько Америка близка к России, и кром этого они все равно все время воюют.
    </body>
</document>