<?xml version='1.0' encoding='utf-8'?>
<document>
  <header>
    <textfile>Olga/Olga_HL_IM_2008-2009_Week_21_2_paragraph_expository_non-timed.txt</textfile>
    <lang>russian</lang>
  </header>
    <body>
&lt;Student: Olga
Gender: F
Language background: HL
Level: IM
Year: 2008–2009
Course: Power and Imagination
Week: 21_2
Text type: paragraph
Function: expository
Time: non-timed
Mode: individual&gt;

Я вождь аборигенов. меня зовут Абаб Тамыр. Моя земля Лапландия, и я с 12000 до нашей эры. Мое племя очень дружелюбное и воюет очень редко, только если это очень необходимо, и если не получается проблему удалить миром. Мое племя известно тем, что мы плетем веники. Наши веники самые лучшие в округе и все соседние народы покупают веники только у нас. Мы обмениваем из на мясо и на другую необходимую пищу. От других народов нам в принципе нужно только мясо, так как овощи и фрукты мы выращиваем на своей земле сами. Земля у нас очень плодородная и погодные условия очень хорошие. К нам на землю пришло племя белых людей и я послал им обращение с предложением: &quot;Здравствуй уважаемый белый народ. Вас приветствует племя Лапландов, во главе которого, я, вождь, Абаб Тамыр. С какими намерениями вы пришли на нашу землю? Я очень надеюсь что с самыми наилучшими. Если вы хотите отдохнуть и идти дальше, то мы вас приютим на некоторое время, напоем и накормим. Если же вы желаете остановиться то осмотритесь вокруг и подумайте что бы вы хотели здесь делать, так как если вы хотите здесь остаться то будем мы работать вместе, обоюдно. Если же вы настроены враждебно, то подумайте прежде чем на нас нападать, мы народ очень дружелюбный, и я уверен что сможем решить все миром. Дайте нам знать о ваших намерениях, ждем ответа с нетерпением.
С уважением, 
Абаб Тамыр.
    </body>
</document>