<?xml version='1.0' encoding='utf-8'?>
<document>
  <header>
    <textfile>Olga/Olga_HL_IM_2008-2009_Week_20_1_paragraph_summary_non-timed.txt</textfile>
    <lang>russian</lang>
  </header>
    <body>
&lt;Student: Olga
Gender: F
Language background: HL
Level: IM
Year: 2008–2009
Course: Power and Imagination
Week: 20_1
Text type: paragraph
Function: summary
Time: non-timed
Mode: individual&gt;

&lt;Author&gt; Александра Сокоринская, Ирина Тыченок-Соломко.
&lt;Title&gt; &quot;Суррогатное материнство&quot;; &quot;Живот напрокат (проблемы суррогатного материнства)&quot;
&lt;Brief summary and your impressions&gt;
Обе статьи рассказывают о суррогатном материнстве, о плюсах и минусах этого. Так же приводятся примеры людей, которые делали это и как они это пережили. В этих статьях рассказывается о том, что суррогатное материнство это работа, за которую платят немаленькие деньги, около 10-15 тысяч долларов. В статье суррогатное материнство рассказывается о женщине, которая хотела внука и создала его из пробирки своего умершего сына с помощью суррогатной матери.
Я считаю что если есть женщина, которая согласна выносить ребенка для кого-то, то почему бы и нет. Я не вижу в этом ничего плохого. Я так же согласна с тем, что женщина, которая вынашивает чужого ребенка, желательно должна иметь семью, хотя бы одного своего ребенка, чтобы ей было не так сложно расставаться с тем, которого она вынашивала в течении девяти месяцев.
    </body>
</document>