<?xml version='1.0' encoding='utf-8'?>
<document>
  <header>
    <textfile>Olga/Olga_HL_IM_2008-2009_Week_31_1_paragraph+_research paper_non-timed.txt</textfile>
    <lang>russian</lang>
  </header>
    <body>
&lt;Student: Olga
Gender: F
Language background: HL
Level: IM
Year: 2008–2009
Course: Power and Imagination
Week: 31_1
Text type: paragraph+
Function: research paper (draft 6)
Time: non-timed
Mode: individual&gt;

Заключение.
Моя исследовательская работа была на тему &quot;Бермудский треугольник&quot;.
Что бы понять миф это или реальность я прочитала множество различных статей и посмотрела несколько фильмов. Как выяснилось Бермудский треугольник существует на самом деле и это совсем не выдумка. В моей практической части было рассказано о пропавшем корабле &quot;Руфь&quot; а так же о самой таинственной загадке Бермудского треугольника, пропаже отряда 19.
В теоретической части так же я говорила о множестве других пропавших кораблях и самолетах.
Причины пропаж очень загадочны и для них нет одного объяснения. Очень много теорий. Например, одна из теорий основана на том что в воде образуются большие пузыри, насыщенные метаном, в которых плотность понижена настолько, что корабли не могут плавать и мгновенно тонут. Некоторые предполагают, что поднявшись в воздух, метан может вызвать также крушение самолетов, например, из-за понижения плотности воздуха, которое приводит к снижению подъемной силы и искажению показаний альтиметров. Кроме того, метан в воздухе может привести к остановке двигателей. Или есть другая теория, основанная на том что причиной гибели некоторых судов, в том числе и в бермудском треугольнике, могут быть так называемые блуждающие волны, которые, как считается, могут достигать в высоту 30 м. но эта теория не совсем логична для пропажи самолетов.
Моя исследовательская работа была основана на вопросе &quot;Бермудский треугольник: миф или реальность?&quot; Как выяснилось Бермудский треугольник это реальность, причины же пропаж не совсем ясны даже сегодня.
    </body>
</document>