<?xml version='1.0' encoding='utf-8'?>
<document>
  <header>
    <textfile>Olga/Olga_HL_IM_2008-2009_Week_21_3_paragraph_expository_non-timed.txt</textfile>
    <lang>russian</lang>
  </header>
    <body>
&lt;Student: Olga
Gender: F
Language background: HL
Level: IM
Year: 2008–2009
Course: Power and Imagination
Week: 21_3
Text type: paragraph
Function: expository
Time: non-timed
Mode: individual&gt;

Мальчик.
Мне очень страшно. Меня побил какой-то дяденька и куда-то поволок. Я не знаю где я и что происходит. У меня опух глаз и я не могу его открыть. Моё лицо все в садинах. Меня привели к какому-то человеку. Он сел передо мной на корточки, потрепал меня по щеке и начал спрашивать кто меня побил и что со мной произошло. Я не могу ему рассказать правду потому что тогда меня накажут, ктоме того, побьют еще сильнее. Потом дедушка сказал показать им мою болячку. Мне кажется что этот человек пытается защитить меня и дедушку. Он просит полковника отвести нас к лекарю чтобы тот вылечил мою рану, он приказывает чтобы нас накормили. Меня отвезли в какой-то сарай и связали мне руки, очень туго, так тоги что они у меня синеют и опухают. Рядом со мной лежит труп.. мне страшно.. добрый человек пришел в сарай и опять говорит мне что мне нечего бояться. Он приказал вынести труп из сарая. Потом он развязал мне руки, и начал их разминать. Он спросил накормили ли меня или нет. когда я сказал что нет, он приказал чтобы меня накормили. Я плохо помню что произошло потом, помню только боль.. и темнеет в глазах. Потом помню все как в тумане.. площадь.. люди.. опять острая боль.. снова и снова боль в животе. Все в тумане.. и размыто.. вижу лицо доброго человека.. он спрашивает что случилось и зовет лакаря..
    </body>
</document>