<?xml version='1.0' encoding='utf-8'?>
<document>
  <header>
    <textfile>Olga/Olga_HL_IM_2008-2009_Week_22_2_paragraph+_research paper_non-timed.txt</textfile>
    <lang>russian</lang>
  </header>
    <body>
&lt;Student: Olga
Gender: F
Language background: HL
Level: IM
Year: 2008–2009
Course: Power and Imagination
Week: 22_2
Text type: paragraph+
Function: research paper (draft 2)
Time: non-timed
Mode: individual&gt;

Меня очень интересует Бермудский треугольник и все сверхъестественные явления, которые там происходят. Мой вопрос заключается в том что, на самом ли деле что-то не так на територии Антлантического океана или это просто полоса случайных совпадений?
Для своей практической части я решила посмотреть видео с канла ВВС. Я нашла его на сайте &lt;web-site&gt;. это видео продолжительностью почти 52 минуты и было выложено на сайт 22 марта 2007 года. Я выбрала это видео, потому что в нём рассказывается о самих интересных и известных случаях Бермудского треугольника. Также я выбрала это видео потому что в нем люди, которые испытали явления Бермудского треугольника, рассказывают о их опыте.
В видео рассказывается о том как в 1997 году фригат &quot;Лондон&quot; столкнулся с одной из загадок Бермудского Треугольника. Во времаы плавания пилот увидел какой-то крошечный объект на экране радара. Обычно это бывает какая-то рыбацкая лодка, но на этот раз эта было небольшое судно. Все паруса были свернуты, и судно не шевелилось. С фригата спустили шлюпку, на палубе никого не было. Из судового журнала узнали что яхта &quot;Руфь&quot; принадлежала супружеской паре из Германии, последняя запись была сделана в июле 1996 года. Капитан решил отправить судно в Пуэрто-Рико и поручил это Сьюзэн одной из членов команды. &quot;Руфь&quot; была приготовлена к долгому плаванию. В первый день все шло хорошо, за день &quot;Руфь&quot; прошла около ста миль, но на вторую ночь начались проблемы. Электроэнергия убывала, ничего не работало, система навигации вышла из строя. Чтобы попасть в порт в Пуэрто-рико им нужно было пройти через бермудский треугольник. &quot;Руфь&quot; нашли где-то в Бермудах, Пуэрто-Рико и Майами. Тем не менее, им удалось доставить &quot;Руфь&quot; в порт Пуэрто-Рико благодаря интуиции капитана. О владельцах яхты &quot;Руфь&quot; так и не удалось ничего узнать. 
После рассказа о судне &quot;Руфь&quot; идет рассказ о самой загадочной тайне Бермудского треугольника - это пропажа отряда 19, подробнее о которой рассказывается в фильме &quot;Треугольник дьявола&quot;. Без следа исчезли пять самолетов, целый воздушный флот. Первое необычное сообщение было то, что лейтенант Тэйлор попросил, чтобы его отстранили от командования перед полетом, и даже не хотел лететь. Он так и не объяснил, почему он не хотел лететь. Его просьбу отклонили. Он был великолепным пилотом, хотя данную местность он знал не очень хорошо. Отряд 19 был военной миссией. Летели для бомбардировачной тренировки. Вылетели из порта во Флориде и должны были пролететь над антлантическим океаном и затем вернуться в исходную точку. Но в какой-то момент они сбились с пути. Из-за ветра они отклонились от курса, и отклонение сыграло очень большую роль. Тэйлор сообщил, что они сбились с пути. Тэйлор все время менял направление, что говорило о том что он не был уверен куда лететь. Следущее его сообщение было о том, что их компасы сломаны. Тэйлор был уверен что он над мексиканским заливом. Он не знал, как они там оказались. Потом связь с пилотами прервалась. В центре связи пытались определить, где же находятся самолеты. К 6 часам они наконец-то определились, что самолёты находятся на севере от Багамских островов. Но с самолётами связаться уже было невозможно. Тогда они решили отправить два гидроплана на их поиски. Это сделало эту историю еще более загадочной, так как один из гидропланом бесследно пропал. Организовали целую группу по поискам, но ни самолетов ни гидропланов так и не нашли. В ту ночь погибло и бесследно пропало 27 молодых людей. Много теорий и догадок по этому поводу. Реальность ли это или выдумка? Известно одно то, что Бермудский Треугольник существует, и происходит там что-то неладное, из-за чего пропадают корабли, самолеты, люди. Видео &quot;ВВС. Бермудский треугольник&quot; ответило на мой главный вопрос &quot;Существует ли Бермудский треугольник? Загадка это или выдумка?&quot;. Бермудский треугольник существует и, вполне очевидно, это не выдумка. Много людей пропало в бермудском треугольнике, но также есть и те кто, выбрался оттуда жывым.
    </body>
</document>