<?xml version='1.0' encoding='utf-8'?>
<document>
  <header>
    <textfile>Olga/Olga_HL_IM_2008-2009_Week_2_1_paragraph_expository_timed.txt</textfile>
    <lang>russian</lang>
  </header>
    <body>
&lt;Student: Olga
Gender: F
Language background: HL
Level: IM
Year: 2008–2009
Course: Power and Imagination
Week: 2_1
Text type: paragraph
Function: expository
Time: timed (10 min)
Mode: individual&gt;

&lt;Если бы вы снимали короткий фильм о славянском народе, о чем бы он был?&gt;
Если бы я снимала короткий фильм о славянском народе, я бы выбрала русский народ, потому что он мне ближе и более знаком. В этом фильме я бы рассказала о древних традициях, о древних богах, идолах. О их вере. Так же вставила бы изображения домов и природы. Я думаю, что моя главная тема все же были бы их традиции. Потому что, насколько я помню, у них было очень много богов и они поклонялись идолам.
    </body>
</document>