<?xml version='1.0' encoding='utf-8'?>
<document>
  <header>
    <textfile>Olga/Olga_HL_IM_2008-2009_Week_12_1_paragraph_expository_non-timed.txt</textfile>
    <lang>russian</lang>
  </header>
    <body>
&lt;Student: Olga
Gender: F
Language background: HL
Level: IM
Year: 2008–2009
Course: Power and Imagination
Week: 12_1
Text type: paragraph
Function: expository
Time: non-timed
Mode: individual&gt;

Я согласна с тем что в процессе глобализации культура и индивидуальность стран <segment id='1' features='learner_errors;inflectional;flection;person' state='active'>пропадает</segment>. Страны становятся все больше и больше похожи друг на друга. Магазины везде одни и те же. Как же с этим бороться? Мне кажется что большинство стран стремятся быть похожими на Америку. Я не думаю что это плохо, но в какой-то степени это через чур. Я думаю традиции как еда, и праздники очень легко сохранить. Совсем не обязательно строит Макдональдс в каждом городе. Последнее время когда меня спрашвают о русской еде, я даже не знаю что сказать. Конечно в России есть традиционная еда, такая которая истинно русская, например, пельмени, блины, борщ, но в основном еда такая же как и везде. Праздники в России все таки сохранились и я надеюсь сохранятся. Я думаю что в процессе глобалицазии это естественно что некоторые традиции исчезают, или появляются новые.
    </body>
</document>