<?xml version='1.0' encoding='utf-8'?>
<document>
  <header>
    <textfile>Olga/Olga_HL_IM_2008-2009_Week_21_4_paragraph+_expository_non-timed.txt</textfile>
    <lang>russian</lang>
  </header>
    <body>
&lt;Student: Olga
Gender: F
Language background: HL
Level: IM
Year: 2008–2009
Course: Power and Imagination
Week: 21_6
Text type: paragraph+
Function: expository
Time: non-timed
Mode: individual&gt;

Антуан Де-Сэнт Экзюпери.
Я думаю что Антуан Де-Сэнт Экзюпери был однозначно неординарным человеком. Во-первых потому что он совместил две профессии, писатель и летчик. Ну а во-вторых то что он написал такое произведение как &quot;Маленький принц&quot;. И все рисунки в этой книге он нарисовал сам. Мне кажется это очень интересным.
Вся жизнь Антуана была очень интересной как мне кажется. Он был летчиком. И мне кажется что он очень любил летать так как в произведении &quot;Маленький принц&quot; он рассказывает как его (автора) самолет упал в пустыне где он и встретил маленького принца. Может быть он рассказывает о себе, и о том что произошло с ним. Так же эта книга посвящена взрослому, несмотря на то что она написана таким легким языком именно потому что она для взрослых. Он сам все время пишет, что взрослые очень странные.
Кроме &quot;Маленького принца&quot; я ничего не читала у Антуана Де-Сэнт Екзюперо, поэтому мне не с чем сравнивать, но &quot;Маленький принц&quot; это одна из моих любимых книг, и я думаю что остальные произведения мне тоже понравятся.
    </body>
</document>