<?xml version='1.0' encoding='utf-8'?>
<document>
  <header>
    <textfile>Olga/Olga_HL_IM_2008-2009_Week_14_3_paragraph+_supported opinion_non-timed.txt</textfile>
    <lang>russian</lang>
  </header>
    <body>
&lt;Student: Olga
Gender: F
Language background: HL
Level: IM
Year: 2008–2009
Course: Power and Imagination
Week: 14_3
Text type: paragraph+
Function: supported opinion
Time: non-timed
Mode: individual&gt;

Через тернии к звёздам.
Я согласна с этой фразой, я считаю что за счастье нужно бороться. Я думаю что ничего так просто на блюдечке с голубой каемочкой перед тобой не лежит. Через тернии к звёздам.. звездами можно назвать что угодно. Эта может быть карьера, отношения, образование. На данный момент для меня звёзды это образование. Пола что я прохожу не совсем через тернии, но все-таки через трудности. Английский мой второй язык и некоторые классы даются мне не совсем легко.
Так же для некоторых людей карьера. Что бы стать на ступень выше или получить премию, бонус, или что-то в этом роде, нужно работать много, и стараться делать лучшее что возможно, зарекомендовать себя с хорошей стороны.
Любовь. Я думаю что за любовь также нужно бороться. Отношения требуют усилий с обоих сторон. И над отношениями как правило нужно работать.
    </body>
</document>