<?xml version='1.0' encoding='utf-8'?>
<document>
  <header>
    <textfile>Olga/Olga_HL_IM_2008-2009_Week_28_1_paragraph_supported opinion_non-timed.txt</textfile>
    <lang>russian</lang>
  </header>
    <body>
&lt;Student: Olga
Gender: F
Language background: HL
Level: IM
Year: 2008–2009
Course: Power and Imagination
Week: 28_1
Text type: paragraph
Function: supported opinion
Time: non-timed
Mode: individual&gt;

&lt;Возможна ли утопия?&gt;

Для начала я бы хотела посмотреть, что же такое утопия. На сайте &lt;web-site&gt;  сказано, утопия понятие для обозначения описаний воображаемого/идеального общественного строя, а также сочинений, содержащих соответствующие планы общественных преобразований. И мне кажется что ключевое слово здесь воображаемое. Так же в википедеи сказано что утопия это жанр художественной литературы, близкий к научной фантастике, описывающий модель идеального, с точки зрения автора, общества.
Я не думаю что утопия возможна по нескольким причинам. Во-первых, как сказано на сайте &lt;web-site&gt; это понятие воображаемого строя. И как это может быть возможным если у каждого человека свое индивидуальное воображение. У каждого человека в голове свое понятие об идеальном обществе. И я не думаю что это возможно создать идеальное общество когда каждый хочет что-то свое в идеальном обществе. Каждый захочет добавить что-то свое в идеальное общество и то что идеально для одного может быть совсем не идеально для другого. И во-вторых, как сказано в википедии жанр художественной литературы, близкий к научной фантастике. Фантастика, то есть даже в энциклопедии сказано, что утопия не возможна. Так же если посмотреть на историю России Ленин, Сталин, Хрущев пытались построить коммунизм самыми жестокими путями, очень много людей погибло. И для них это наверное был путь создать утопию, но для людей это было совсем не идеально.
Утопия не возможна потому что у каждого человека свое понятие об идеальном. И создать идеальное общество без насилия невозможно, а как можно назвать общество идеальным, если оно создано через насилие и убийства?
    </body>
</document>