<?xml version='1.0' encoding='utf-8'?>
<document>
  <header>
    <textfile>Olga/Olga_HL_IM_2008-2009_Week_3_1_paragraph_argumentation_timed.txt</textfile>
    <lang>russian</lang>
  </header>
    <body>
&lt;Student: Olga
Gender: F
Language background: HL
Level: IM
Year: 2008–2009
Course: Power and Imagination
Week: 3_1
Text type: paragraph
Function: argumentation
Time: timed (10 min)
Mode: individual&gt;

&lt;Дайте оценку индустриализации. Аргументируйте.&gt;
На рисунке изображена индустриализация 20 века. Как на фабрике люди начали работать массово и производить много продуктов, в данном случае, обувь.
Я думаю что в принципе индустриализация это хорошо, хотя иногда бывает переизбыток продуктов. Чаще всего это случается в продуктовой продукции. Продукты пропадают.    </body>
</document>