<?xml version='1.0' encoding='utf-8'?>
<document>
  <header>
    <textfile>Olga/Olga_HL_IM_2008-2009_Week_16_1_paragraph_summary_non-timed.txt</textfile>
    <lang>russian</lang>
  </header>
    <body>
&lt;Student: Olga
Gender: F
Language background: HL
Level: IM
Year: 2008–2009
Course: Power and Imagination
Week: 16_1
Text type: paragraph
Function: summary
Time: non-timed
Mode: individual&gt;

Если где-то и производят продукты то тут же все везут за границу, а потом наши покупают восемьдесят процентов продуктов привезенных из-за рубежа. Крупные завхозы развалились и теперь некому производить массовую продукцию. В деревнях фермеры производят продукты но только для своего прокормления так как ни оборудования, ни техники у них нет. Миллионы гектаров хороших земель не паханы и не ухожены. Российское товарное производство в опасности!
    </body>
</document>