<?xml version='1.0' encoding='utf-8'?>
<document>
  <header>
    <textfile>Olga/Olga_HL_IM_2008-2009_Week_13_1_paragraph+_summary_non-timed.txt</textfile>
    <lang>russian</lang>
  </header>
    <body>
&lt;Student: Olga
Gender: F
Language background: HL
Level: IM
Year: 2008–2009
Course: Power and Imagination
Week: 13_1
Text type: paragraph+
Function: summary
Time: non-timed
Mode: individual&gt;

В Новом Году Европа замерзает без газа.
Первого января Россия перекрыла поступление газа Украине. В ответ на это шестого января Украина перекрыла газ Европе. По словам Виктора Ющенко, Россия спланировала это заранее. С какой целью? Украина пытается вступить в НАТО, и эта ситуация настраивает Европу против Украины. В то время как в Европе люди замерзают и в знак протеста сжигают Российские флаги Украина тоже сидит без газа. Россия перекрыла газ Украине, так как Украина воровала газ у России. Россия доставляет газ Европе через Украину. Все главные газопроводы проходят через Украину таким образом получается что Украина в какой-то степени контролирует доставку газа Европе. Для того чтобы этого избежать, нужно построить газопровод в Балтике чтобы доставка газа в Европу не зависела от Украины.
Как известно Россия уже открыла доставку газа, и Украина газ получает, но все еще бастует и не открывает газ Европе. В России напор газа растет и газопроводы не выдерживают. Уже взорвалось несколько станций. Украина откроет газ только в том случае если она получит хорошее оборудование. Пока не известно что будет дальше, Украина на компромисс не идет.
    </body>
</document>