<?xml version='1.0' encoding='utf-8'?>
<document>
  <header>
    <textfile>Olga/Olga_HL_IM_2008-2009_Week_17_1_paragraph+_research paper_non-timed.txt</textfile>
    <lang>russian</lang>
  </header>
    <body>
&lt;Student: Olga
Gender: F
Language background: HL
Level: IM
Year: 2008–2009
Course: Power and Imagination
Week: 17_1
Text type: paragraph+
Function: research paper (draft 1)
Time: non-timed
Mode: individual&gt;

Введение.
Бермудский треугольник одно из самых загадочных явлений в природе. Меня всегда интересовало, что же на самом деле происходит в Бермудском треугольнике. Почему пропадают корабли и самолеты в этом районе Атлантического океана? Реальность ли это или выдумка?
Для своей исследователельской работы я использовала несколько различных веб-сайтов. Один сайт, &lt;web-site&gt;, я выбрала потому что на нём можно найти информацию об истории Бермудского треугольника, о том где он находится, о жертвах Бермудского треугольника и о легенде. На другом сайте, &lt;web-site&gt;, я нашла информацию об НЛО и о Бермудском треугольнике, там говорится о том, как они связаны между собой, и что происходит в атмосфере и под водой в том самом бермудском треугольнике. Так же я использовала сайт, &lt;web-site&gt;,  на котором написано несколько гипотез и теорий о том, что такое Бермудский треугольник, и почему это такое загадочное место.
В моей исследовательской работе две главы. В первой главе рассказывается о различных теориях и гипотезах, почему такие странные явления происходят в Бермудском треугольнике.
Во второй главе я рассказываю о практической части. Для своей практической части я решила проанализировать видео, которое я нашла на rutube.ru с канала ВВС, &lt;link&gt;. В этом видео рассказывается о пропавших  кораблях и самолетах в Бермудском треугольнике, а так же о самой таинственной загадке Бермудского Треугольника - пропаже отряда 19.
    </body>
</document>