<?xml version='1.0' encoding='utf-8'?>
<document>
  <header>
    <textfile>Olga/Olga_HL_IM_2008-2009_Week_3_2_paragraph_paraphrase_timed.txt</textfile>
    <lang>russian</lang>
  </header>
    <body>
&lt;Student: Olga
Gender: F
Language background: HL
Level: IM
Year: 2008–2009
Course: Power and Imagination
Week: 3_2
Text type: paragraph
Function: paraphrase
Time: timed (10 min)
Mode: individual&gt;

&lt;Кратко перескажите, что Вы узнали из текста.&gt;
Сталин был очень властным человеком. Он был генеральным секретарем ЦККПСССР. Он хотел построить коммунизм в России. Он убил очень много людей, но тем не менее Россия победила во второй мировой войне. Он также хотел уничтожить все церкви. И есть версии что он был убит.
    </body>
</document>