<?xml version='1.0' encoding='utf-8'?>
<document>
  <header>
    <textfile>Olga/Olga_HL_IM_2008-2009_Week_10_1_paragraph_compare&amp;contrast_non-timed.txt</textfile>
    <lang>russian</lang>
  </header>
    <body>
&lt;Student: Olga
Gender: F
Language background: HL
Level: IM
Year: 2008–2009
Course: Power and Imagination
Week: 10_1
Text type: paragraph
Function: compare &amp; contrast
Time: non-timed
Mode: individual&gt;

Образование в России и в Америке

У меня была возможность учиться в школе, как в Америке, так и в России. В России я проучилась в школе девять лет, в Америке всего два года. В Америке и в России есть свои плюсы и минусы. <segment id='1' features='learner_errors;inflectional;flection;plural_' state='active'>Отношение</segment> учеников и учителей мне однозначно <segment id='2' features='learner_errors;inflectional;flection;plural_' state='active'>нравится</segment> больше в Америке. Американские учителя крайне редко повышают голос на учеников, и всегда чувствуется уважение и поддержка со стороны учителя. в то время как ученики не всегда относятся с уважением к учителям, это на мой взгляд минус. мне нравится что в Америке очень большое разнообразие предметов, в то время как совсем <segment id='3' features='learner_errors;derivational;affix;spelling' state='active'>не большое</segment> количество обязательных предметов, кроме как английского языка, математики, и два года биологии, и история. Мне кажется, что такие предметы как химия и физика, ток же должны бить обязательными, потому что они развивают мешление ученика. Так же в американской школе, каждый урок с разными учениками. С какой-то стороны это минус, а с какой-то плюс. Плюс в том, что это помогает встретить больше новых людей, но минус в том, что каждый год, новые люди и не всегда есть шанс укрепить старые отношения. Я думаю, что русским учителям нужно поучиться у американских, терпению, уважению, и доброжелательности. А американским студентам у русских, трудолюбию, так же уважению у благодарности.
    </body>
</document>