<?xml version='1.0' encoding='utf-8'?>
<document>
  <header>
    <textfile>Olga/Olga_HL_IM_2008-2009_Week_14_4_paragraph_summary_non-timed.txt</textfile>
    <lang>russian</lang>
  </header>
    <body>
&lt;Student: Olga
Gender: F
Language background: HL
Level: IM
Year: 2008–2009
Course: Power and Imagination
Week: 14_4
Text type: paragraph
Function: paraphrase
Time: non-timed
Mode: individual&gt;

&lt;Перескажите текст&gt;
В этом рассказе рассказывается о жизни кошки. Котенок родился и сначала он был в одной семье, но потом его решили отдать в другую. Одного из его братьев отдали кому-то а остальных запихнули в коробку, бросили куда-то и все они умерли, кроме него. Потом кто-то нашел коробку и котенок убежал, он бежал через лес, на свет фонарей. Пил из луж, ему было страшно, но он продолжал бежать. Какие-то пацаны схватили его и облили бензином, хотели поджечь. Но добрый человек отобрал его у них и принес к себе домой. Человек жил с матерью, которая вскоре умерла. И они остались в вдвоем. человек не играл с ним и не гладил его, но кот знал что он его любит. Какая-то ворона все время прилетала к ним на балкон, однажды он прыгнул, пытаясь ее поймать, и упал, человек повез его в больницу, где его вылечили, но человек не взял его назад, сказал, что не может заботиться об инвалиде. Он остался в больнице с другими кошками.
Мне понравился этот рассказ тем что он очень необычный, как бы с кошачьей перспективы. интересно было читать о том как кошки ассоциируют все с запахами и т.п.
    </body>
</document>