<?xml version='1.0' encoding='utf-8'?>
<document>
  <header>
    <textfile>Olga/Olga_HL_IM_2008-2009_Week_10_2_paragraph_expository_timed.txt</textfile>
    <lang>russian</lang>
  </header>
    <body>
&lt;Student: Olga
Gender: F
Language background: HL
Level: IM
Year: 2008–2009
Course: Power and Imagination
Week: 10_2
Text type: paragraph
Function: expository
Time: timed (10 min)
Mode: individual&gt;

&lt;Согласны ли Вы с тем, что государство должно контролировать науку?&gt;
Я бы контролировала или старалась контролировать всю науку такую как физику, химию, биологию и т.п. И я бы финансировала изобретения которые хороши для моей страны. Я бы хотела знать всё что происходит потому что я бы хотела быть в курсе и быть увереной что никто ничего вредного не создает.
    </body>
</document>