<?xml version='1.0' encoding='utf-8'?>
<document>
  <header>
    <textfile>Olga/Olga_HL_IM_2008-2009_Week_21_5_paragraph_summary_non-timed.txt</textfile>
    <lang>russian</lang>
  </header>
    <body>
&lt;Student: Olga
Gender: F
Language background: HL
Level: IM
Year: 2008–2009
Course: Power and Imagination
Week: 21_5
Text type: paragraph
Function: summary
Time: non-timed
Mode: individual&gt;

&lt;Author&gt; 
&lt;Title&gt; Бермудский треугольник: какая гипотеза ближе к истине?
&lt;Brief summary and your impressions&gt;
В этой статье рассказывается о нескольких разных гипотезах о бермудском треугольнике. Одна из гипотез это то что со дна морского поднимается так называемые пузыри метана, которые возгораются при контакте с воздухом. Другая гипотеза это то что в Бермудском треугольнике происходят утразвуковые колебания, они излучаются морскими волнами при сильном шторме. Так же есть гипотеза звязанная с НЛО. Приводится аргуметы что НЛО часто появляется в районе Бермудского треугольника.
Эта статья очень интересная и в ней рассказывается подробно о каждой гипотезе о НЛО, но после того как я прочитала эту статью, я поняла что есть гипотезы, которые намного ближе к реальности.
    </body>
</document>