<?xml version='1.0' encoding='utf-8'?>
<document>
  <header>
    <textfile>Olga/Olga_HL_IM_2008-2009_Week_22_1_paragraph+_expository_non-timed.txt</textfile>
    <lang>russian</lang>
  </header>
    <body>
&lt;Student: Olga
Gender: F
Language background: HL
Level: IM
Year: 2008–2009
Course: Power and Imagination
Week: 21_2
Text type: paragraph+
Function: expository
Time: non-timed
Mode: individual&gt;

&lt;Реальностью или мифом является загадочность бермудского треугольника?&gt;

В моей курсовой в первой части я хочу рассказать о том что такое бермудский треугольник, когда начали происходить все эти странные вещи, и где он находится. Есть очень много разных мифов и историй о бермудском треугольнике, и я хочу рассказать о нескольких.
В практической же части я хочу рассказать об ученых, которые изучают бермудский треугольник, какие опыты они проводили, и какие исследования. Так же есть разные видео, которые были сняты во время полета в области бермудского треугольника и я бы хотела их показать в процессе моего доклада.
    </body>
</document>